'akr','inf',1987,0,0
'akr','inf',1988,2,3.68E-06
'akr','inf',1989,3,5.53E-06
'akr','inf',1990,1,1.84E-06
'akr','inf',1991,0,0
'akr','inf',1992,0,0
'akr','inf',1993,2,3.68E-06
'akr','inf',1994,1,1.84E-06
'akr','inf',1995,1,1.84E-06
'akr','inf',1996,0,0
'akr','inf',1997,1,1.84E-06
'akr','inf',1998,5,9.21E-06
'akr','inf',1999,3,5.53E-06
'akr','inf',2000,7,1.29E-05
'albu','inf',1987,1,1.80E-06
'albu','inf',1988,1,1.80E-06
'albu','inf',1989,3,5.39E-06
'albu','inf',1990,2,3.59E-06
'albu','inf',1991,1,1.80E-06
'albu','inf',1992,1,1.80E-06
'albu','inf',1993,4,7.19E-06
'albu','inf',1994,3,5.39E-06
'albu','inf',1995,2,3.59E-06
'albu','inf',1996,5,8.98E-06
'albu','inf',1997,0,0
'albu','inf',1998,3,5.39E-06
'albu','inf',1999,1,1.80E-06
'albu','inf',2000,1,1.80E-06
'anch','inf',1987,0,0
'anch','inf',1988,0,0
'anch','inf',1989,0,0
'anch','inf',1990,0,0
'anch','inf',1991,0,0
'anch','inf',1992,0,0
'anch','inf',1993,0,0
'anch','inf',1994,0,0
'anch','inf',1995,1,3.84E-06
'anch','inf',1996,0,0
'anch','inf',1997,0,0
'anch','inf',1998,1,3.84E-06
'anch','inf',1999,1,3.84E-06
'anch','inf',2000,0,0
'arlv','inf',1987,0,0
'arlv','inf',1988,0,0
'arlv','inf',1989,0,0
'arlv','inf',1990,1,5.28E-06
'arlv','inf',1991,0,0
'arlv','inf',1992,0,0
'arlv','inf',1993,1,5.28E-06
'arlv','inf',1994,0,0
'arlv','inf',1995,0,0
'arlv','inf',1996,0,0
'arlv','inf',1997,0,0
'arlv','inf',1998,0,0
'arlv','inf',1999,0,0
'arlv','inf',2000,1,5.28E-06
'atla','inf',1987,3,2.02E-06
'atla','inf',1988,3,2.02E-06
'atla','inf',1989,6,4.05E-06
'atla','inf',1990,2,1.35E-06
'atla','inf',1991,3,2.02E-06
'atla','inf',1992,0,0
'atla','inf',1993,1,6.75E-07
'atla','inf',1994,2,1.35E-06
'atla','inf',1995,0,0
'atla','inf',1996,2,1.35E-06
'atla','inf',1997,1,6.75E-07
'atla','inf',1998,1,6.75E-07
'atla','inf',1999,1,6.75E-07
'atla','inf',2000,3,2.02E-06
'aust','inf',1987,1,1.23E-06
'aust','inf',1988,5,6.16E-06
'aust','inf',1989,0,0
'aust','inf',1990,2,2.46E-06
'aust','inf',1991,0,0
'aust','inf',1992,1,1.23E-06
'aust','inf',1993,0,0
'aust','inf',1994,0,0
'aust','inf',1995,1,1.23E-06
'aust','inf',1996,3,3.69E-06
'aust','inf',1997,0,0
'aust','inf',1998,1,1.23E-06
'aust','inf',1999,4,4.92E-06
'aust','inf',2000,1,1.23E-06
'bake','inf',1987,1,1.51E-06
'bake','inf',1988,1,1.51E-06
'bake','inf',1989,1,1.51E-06
'bake','inf',1990,2,3.02E-06
'bake','inf',1991,0,0
'bake','inf',1992,0,0
'bake','inf',1993,0,0
'bake','inf',1994,2,3.02E-06
'bake','inf',1995,1,1.51E-06
'bake','inf',1996,2,3.02E-06
'bake','inf',1997,5,7.56E-06
'bake','inf',1998,5,7.56E-06
'bake','inf',1999,2,3.02E-06
'bake','inf',2000,1,1.51E-06
'balt','inf',1987,0,0
'balt','inf',1988,3,4.72E-06
'balt','inf',1989,1,1.57E-06
'balt','inf',1990,2,3.15E-06
'balt','inf',1991,0,0
'balt','inf',1992,4,6.30E-06
'balt','inf',1993,1,1.57E-06
'balt','inf',1994,1,1.57E-06
'balt','inf',1995,1,1.57E-06
'balt','inf',1996,0,0
'balt','inf',1997,0,0
'balt','inf',1998,1,1.57E-06
'balt','inf',1999,1,1.57E-06
'balt','inf',2000,3,4.72E-06
'batr','inf',1987,1,2.42E-06
'batr','inf',1988,3,7.27E-06
'batr','inf',1989,0,0
'batr','inf',1990,2,4.84E-06
'batr','inf',1991,1,2.42E-06
'batr','inf',1992,1,2.42E-06
'batr','inf',1993,1,2.42E-06
'batr','inf',1994,1,2.42E-06
'batr','inf',1995,0,0
'batr','inf',1996,0,0
'batr','inf',1997,0,0
'batr','inf',1998,1,2.42E-06
'batr','inf',1999,0,0
'batr','inf',2000,2,4.84E-06
'bidd','inf',1987,1,5.35E-06
'bidd','inf',1988,0,0
'bidd','inf',1989,1,5.35E-06
'bidd','inf',1990,4,2.14E-05
'bidd','inf',1991,1,5.35E-06
'bidd','inf',1992,4,2.14E-05
'bidd','inf',1993,1,5.35E-06
'bidd','inf',1994,0,0
'bidd','inf',1995,0,0
'bidd','inf',1996,0,0
'bidd','inf',1997,1,5.35E-06
'bidd','inf',1998,3,1.61E-05
'bidd','inf',1999,1,5.35E-06
'bidd','inf',2000,1,5.35E-06
'birm','inf',1987,0,0
'birm','inf',1988,1,1.51E-06
'birm','inf',1989,3,4.53E-06
'birm','inf',1990,0,0
'birm','inf',1991,0,0
'birm','inf',1992,0,0
'birm','inf',1993,0,0
'birm','inf',1994,0,0
'birm','inf',1995,0,0
'birm','inf',1996,2,3.02E-06
'birm','inf',1997,1,1.51E-06
'birm','inf',1998,4,6.04E-06
'birm','inf',1999,1,1.51E-06
'birm','inf',2000,5,7.55E-06
'bost','inf',1987,0,0
'bost','inf',1988,0,0
'bost','inf',1989,0,0
'bost','inf',1990,0,0
'bost','inf',1991,0,0
'bost','inf',1992,0,0
'bost','inf',1993,2,2.90E-06
'bost','inf',1994,1,1.45E-06
'bost','inf',1995,1,1.45E-06
'bost','inf',1996,1,1.45E-06
'bost','inf',1997,2,2.90E-06
'bost','inf',1998,1,1.45E-06
'bost','inf',1999,1,1.45E-06
'bost','inf',2000,2,2.90E-06
'buff','inf',1987,5,5.26E-06
'buff','inf',1988,2,2.10E-06
'buff','inf',1989,0,0
'buff','inf',1990,2,2.10E-06
'buff','inf',1991,4,4.21E-06
'buff','inf',1992,3,3.16E-06
'buff','inf',1993,0,0
'buff','inf',1994,4,4.21E-06
'buff','inf',1995,2,2.10E-06
'buff','inf',1996,1,1.05E-06
'buff','inf',1997,4,4.21E-06
'buff','inf',1998,12,1.26E-05
'buff','inf',1999,4,4.21E-06
'buff','inf',2000,6,6.31E-06
'cayc','inf',1987,0,0
'cayc','inf',1988,0,0
'cayc','inf',1989,0,0
'cayc','inf',1990,0,0
'cayc','inf',1991,1,4.63E-06
'cayc','inf',1992,0,0
'cayc','inf',1993,0,0
'cayc','inf',1994,0,0
'cayc','inf',1995,1,4.63E-06
'cayc','inf',1996,0,0
'cayc','inf',1997,0,0
'cayc','inf',1998,0,0
'cayc','inf',1999,0,0
'cayc','inf',2000,0,0
'cdrp','inf',1987,1,5.22E-06
'cdrp','inf',1988,3,1.56E-05
'cdrp','inf',1989,6,3.13E-05
'cdrp','inf',1990,0,0
'cdrp','inf',1991,1,5.22E-06
'cdrp','inf',1992,3,1.56E-05
'cdrp','inf',1993,1,5.22E-06
'cdrp','inf',1994,1,5.22E-06
'cdrp','inf',1995,1,5.22E-06
'cdrp','inf',1996,2,1.04E-05
'cdrp','inf',1997,2,1.04E-05
'cdrp','inf',1998,1,5.22E-06
'cdrp','inf',1999,2,1.04E-05
'cdrp','inf',2000,2,1.04E-05
'char','inf',1987,0,0
'char','inf',1988,6,8.63E-06
'char','inf',1989,0,0
'char','inf',1990,1,1.44E-06
'char','inf',1991,3,4.31E-06
'char','inf',1992,3,4.31E-06
'char','inf',1993,1,1.44E-06
'char','inf',1994,1,1.44E-06
'char','inf',1995,0,0
'char','inf',1996,0,0
'char','inf',1997,0,0
'char','inf',1998,0,0
'char','inf',1999,2,2.88E-06
'char','inf',2000,0,0
'chic','inf',1987,4,7.44E-07
'chic','inf',1988,5,9.30E-07
'chic','inf',1989,5,9.30E-07
'chic','inf',1990,15,2.79E-06
'chic','inf',1991,4,7.44E-07
'chic','inf',1992,7,1.30E-06
'chic','inf',1993,3,5.58E-07
'chic','inf',1994,4,7.44E-07
'chic','inf',1995,7,1.30E-06
'chic','inf',1996,4,7.44E-07
'chic','inf',1997,3,5.58E-07
'chic','inf',1998,9,1.67E-06
'chic','inf',1999,20,3.72E-06
'chic','inf',2000,15,2.79E-06
'cinc','inf',1987,0,0
'cinc','inf',1988,6,7.07E-06
'cinc','inf',1989,5,5.89E-06
'cinc','inf',1990,2,2.36E-06
'cinc','inf',1991,1,1.18E-06
'cinc','inf',1992,1,1.18E-06
'cinc','inf',1993,1,1.18E-06
'cinc','inf',1994,5,5.89E-06
'cinc','inf',1995,1,1.18E-06
'cinc','inf',1996,1,1.18E-06
'cinc','inf',1997,1,1.18E-06
'cinc','inf',1998,3,3.54E-06
'cinc','inf',1999,0,0
'cinc','inf',2000,0,0
'clev','inf',1987,3,2.15E-06
'clev','inf',1988,5,3.59E-06
'clev','inf',1989,4,2.87E-06
'clev','inf',1990,2,1.43E-06
'clev','inf',1991,6,4.30E-06
'clev','inf',1992,1,7.17E-07
'clev','inf',1993,7,5.02E-06
'clev','inf',1994,7,5.02E-06
'clev','inf',1995,2,1.43E-06
'clev','inf',1996,1,7.17E-07
'clev','inf',1997,6,4.30E-06
'clev','inf',1998,5,3.59E-06
'clev','inf',1999,6,4.30E-06
'clev','inf',2000,7,5.02E-06
'clmg','inf',1987,0,0
'clmg','inf',1988,0,0
'clmg','inf',1989,1,5.37E-06
'clmg','inf',1990,2,1.07E-05
'clmg','inf',1991,0,0
'clmg','inf',1992,0,0
'clmg','inf',1993,0,0
'clmg','inf',1994,0,0
'clmg','inf',1995,0,0
'clmg','inf',1996,0,0
'clmg','inf',1997,0,0
'clmg','inf',1998,0,0
'clmg','inf',1999,0,0
'clmg','inf',2000,0,0
'clmo','inf',1987,0,0
'clmo','inf',1988,2,1.87E-06
'clmo','inf',1989,3,2.81E-06
'clmo','inf',1990,7,6.55E-06
'clmo','inf',1991,1,9.35E-07
'clmo','inf',1992,1,9.35E-07
'clmo','inf',1993,2,1.87E-06
'clmo','inf',1994,3,2.81E-06
'clmo','inf',1995,1,9.35E-07
'clmo','inf',1996,0,0
'clmo','inf',1997,0,0
'clmo','inf',1998,1,9.35E-07
'clmo','inf',1999,3,2.81E-06
'clmo','inf',2000,2,1.87E-06
'colo','inf',1987,0,0
'colo','inf',1988,1,1.93E-06
'colo','inf',1989,2,3.87E-06
'colo','inf',1990,6,1.16E-05
'colo','inf',1991,3,5.80E-06
'colo','inf',1992,0,0
'colo','inf',1993,1,1.93E-06
'colo','inf',1994,1,1.93E-06
'colo','inf',1995,2,3.87E-06
'colo','inf',1996,2,3.87E-06
'colo','inf',1997,0,0
'colo','inf',1998,3,5.80E-06
'colo','inf',1999,7,1.35E-05
'colo','inf',2000,7,1.35E-05
'corp','inf',1987,1,3.19E-06
'corp','inf',1988,3,9.56E-06
'corp','inf',1989,3,9.56E-06
'corp','inf',1990,15,4.78E-05
'corp','inf',1991,1,3.19E-06
'corp','inf',1992,1,3.19E-06
'corp','inf',1993,0,0
'corp','inf',1994,3,9.56E-06
'corp','inf',1995,0,0
'corp','inf',1996,0,0
'corp','inf',1997,2,6.38E-06
'corp','inf',1998,0,0
'corp','inf',1999,0,0
'corp','inf',2000,7,2.23E-05
'covt','inf',1987,0,0
'covt','inf',1988,1,5.98E-06
'covt','inf',1989,0,0
'covt','inf',1990,0,0
'covt','inf',1991,1,5.98E-06
'covt','inf',1992,0,0
'covt','inf',1993,1,5.98E-06
'covt','inf',1994,0,0
'covt','inf',1995,0,0
'covt','inf',1996,0,0
'covt','inf',1997,0,0
'covt','inf',1998,0,0
'covt','inf',1999,1,5.98E-06
'covt','inf',2000,2,1.20E-05
'dayt','inf',1987,1,1.79E-06
'dayt','inf',1988,3,5.37E-06
'dayt','inf',1989,4,7.15E-06
'dayt','inf',1990,3,5.37E-06
'dayt','inf',1991,4,7.15E-06
'dayt','inf',1992,5,8.94E-06
'dayt','inf',1993,2,3.58E-06
'dayt','inf',1994,3,5.37E-06
'dayt','inf',1995,4,7.15E-06
'dayt','inf',1996,0,0
'dayt','inf',1997,2,3.58E-06
'dayt','inf',1998,2,3.58E-06
'dayt','inf',1999,10,1.79E-05
'dayt','inf',2000,2,3.58E-06
'dc','inf',1987,0,0
'dc','inf',1988,2,3.50E-06
'dc','inf',1989,1,1.75E-06
'dc','inf',1990,1,1.75E-06
'dc','inf',1991,0,0
'dc','inf',1992,0,0
'dc','inf',1993,1,1.75E-06
'dc','inf',1994,1,1.75E-06
'dc','inf',1995,0,0
'dc','inf',1996,0,0
'dc','inf',1997,0,0
'dc','inf',1998,0,0
'dc','inf',1999,0,0
'dc','inf',2000,5,8.74E-06
'denv','inf',1987,4,2.84E-06
'denv','inf',1988,3,2.13E-06
'denv','inf',1989,9,6.40E-06
'denv','inf',1990,4,2.84E-06
'denv','inf',1991,3,2.13E-06
'denv','inf',1992,5,3.56E-06
'denv','inf',1993,2,1.42E-06
'denv','inf',1994,0,0
'denv','inf',1995,0,0
'denv','inf',1996,3,2.13E-06
'denv','inf',1997,0,0
'denv','inf',1998,1,7.11E-07
'denv','inf',1999,3,2.13E-06
'denv','inf',2000,0,0
'desm','inf',1987,0,0
'desm','inf',1988,1,2.67E-06
'desm','inf',1989,3,8.01E-06
'desm','inf',1990,1,2.67E-06
'desm','inf',1991,2,5.34E-06
'desm','inf',1992,0,0
'desm','inf',1993,2,5.34E-06
'desm','inf',1994,2,5.34E-06
'desm','inf',1995,3,8.01E-06
'desm','inf',1996,0,0
'desm','inf',1997,1,2.67E-06
'desm','inf',1998,2,5.34E-06
'desm','inf',1999,2,5.34E-06
'desm','inf',2000,1,2.67E-06
'det','inf',1987,3,1.46E-06
'det','inf',1988,6,2.91E-06
'det','inf',1989,3,1.46E-06
'det','inf',1990,4,1.94E-06
'det','inf',1991,1,4.85E-07
'det','inf',1992,1,4.85E-07
'det','inf',1993,0,0
'det','inf',1994,3,1.46E-06
'det','inf',1995,3,1.46E-06
'det','inf',1996,1,4.85E-07
'det','inf',1997,0,0
'det','inf',1998,6,2.91E-06
'det','inf',1999,1,4.85E-07
'det','inf',2000,3,1.46E-06
'dlft','inf',1987,4,9.52E-07
'dlft','inf',1988,6,1.43E-06
'dlft','inf',1989,18,4.29E-06
'dlft','inf',1990,38,9.05E-06
'dlft','inf',1991,3,7.14E-07
'dlft','inf',1992,4,9.52E-07
'dlft','inf',1993,4,9.52E-07
'dlft','inf',1994,21,5.00E-06
'dlft','inf',1995,2,4.76E-07
'dlft','inf',1996,8,1.90E-06
'dlft','inf',1997,3,7.14E-07
'dlft','inf',1998,1,2.38E-07
'dlft','inf',1999,3,7.14E-07
'dlft','inf',2000,12,2.86E-06
'elpa','inf',1987,0,0
'elpa','inf',1988,1,1.47E-06
'elpa','inf',1989,3,4.41E-06
'elpa','inf',1990,3,4.41E-06
'elpa','inf',1991,2,2.94E-06
'elpa','inf',1992,1,1.47E-06
'elpa','inf',1993,0,0
'elpa','inf',1994,2,2.94E-06
'elpa','inf',1995,3,4.41E-06
'elpa','inf',1996,1,1.47E-06
'elpa','inf',1997,1,1.47E-06
'elpa','inf',1998,1,1.47E-06
'elpa','inf',1999,2,2.94E-06
'elpa','inf',2000,0,0
'evan','inf',1987,0,0
'evan','inf',1988,0,0
'evan','inf',1989,1,5.82E-06
'evan','inf',1990,1,5.82E-06
'evan','inf',1991,0,0
'evan','inf',1992,1,5.82E-06
'evan','inf',1993,0,0
'evan','inf',1994,0,0
'evan','inf',1995,0,0
'evan','inf',1996,0,0
'evan','inf',1997,0,0
'evan','inf',1998,1,5.82E-06
'evan','inf',1999,2,1.16E-05
'evan','inf',2000,0,0
'fres','inf',1987,1,1.25E-06
'fres','inf',1988,4,5.00E-06
'fres','inf',1989,4,5.00E-06
'fres','inf',1990,2,2.50E-06
'fres','inf',1991,3,3.75E-06
'fres','inf',1992,4,5.00E-06
'fres','inf',1993,2,2.50E-06
'fres','inf',1994,2,2.50E-06
'fres','inf',1995,0,0
'fres','inf',1996,3,3.75E-06
'fres','inf',1997,1,1.25E-06
'fres','inf',1998,6,7.51E-06
'fres','inf',1999,3,3.75E-06
'fres','inf',2000,3,3.75E-06
'ftwa','inf',1987,0,0
'ftwa','inf',1988,1,3.01E-06
'ftwa','inf',1989,1,3.01E-06
'ftwa','inf',1990,4,1.21E-05
'ftwa','inf',1991,0,0
'ftwa','inf',1992,4,1.21E-05
'ftwa','inf',1993,0,0
'ftwa','inf',1994,2,6.03E-06
'ftwa','inf',1995,0,0
'ftwa','inf',1996,0,0
'ftwa','inf',1997,1,3.01E-06
'ftwa','inf',1998,1,3.01E-06
'ftwa','inf',1999,2,6.03E-06
'ftwa','inf',2000,0,0
'gdrp','inf',1987,2,3.48E-06
'gdrp','inf',1988,1,1.74E-06
'gdrp','inf',1989,2,3.48E-06
'gdrp','inf',1990,4,6.96E-06
'gdrp','inf',1991,2,3.48E-06
'gdrp','inf',1992,4,6.96E-06
'gdrp','inf',1993,4,6.96E-06
'gdrp','inf',1994,1,1.74E-06
'gdrp','inf',1995,3,5.22E-06
'gdrp','inf',1996,1,1.74E-06
'gdrp','inf',1997,2,3.48E-06
'gdrp','inf',1998,3,5.22E-06
'gdrp','inf',1999,7,1.22E-05
'gdrp','inf',2000,10,1.74E-05
'grnb','inf',1987,1,2.38E-06
'grnb','inf',1988,11,2.61E-05
'grnb','inf',1989,0,0
'grnb','inf',1990,2,4.75E-06
'grnb','inf',1991,2,4.75E-06
'grnb','inf',1992,0,0
'grnb','inf',1993,3,7.13E-06
'grnb','inf',1994,0,0
'grnb','inf',1995,2,4.75E-06
'grnb','inf',1996,2,4.75E-06
'grnb','inf',1997,0,0
'grnb','inf',1998,1,2.38E-06
'grnb','inf',1999,4,9.50E-06
'grnb','inf',2000,1,2.38E-06
'hono','inf',1987,3,3.42E-06
'hono','inf',1988,0,0
'hono','inf',1989,3,3.42E-06
'hono','inf',1990,3,3.42E-06
'hono','inf',1991,1,1.14E-06
'hono','inf',1992,0,0
'hono','inf',1993,0,0
'hono','inf',1994,0,0
'hono','inf',1995,1,1.14E-06
'hono','inf',1996,2,2.28E-06
'hono','inf',1997,3,3.42E-06
'hono','inf',1998,7,7.99E-06
'hono','inf',1999,5,5.71E-06
'hono','inf',2000,3,3.42E-06
'hous','inf',1987,4,1.18E-06
'hous','inf',1988,8,2.35E-06
'hous','inf',1989,0,0
'hous','inf',1990,14,4.12E-06
'hous','inf',1991,3,8.82E-07
'hous','inf',1992,3,8.82E-07
'hous','inf',1993,2,5.88E-07
'hous','inf',1994,8,2.35E-06
'hous','inf',1995,1,2.94E-07
'hous','inf',1996,5,1.47E-06
'hous','inf',1997,4,1.18E-06
'hous','inf',1998,1,2.94E-07
'hous','inf',1999,8,2.35E-06
'hous','inf',2000,9,2.65E-06
'hunt','inf',1987,2,7.23E-06
'hunt','inf',1988,0,0
'hunt','inf',1989,4,1.45E-05
'hunt','inf',1990,3,1.08E-05
'hunt','inf',1991,3,1.08E-05
'hunt','inf',1992,0,0
'hunt','inf',1993,1,3.61E-06
'hunt','inf',1994,1,3.61E-06
'hunt','inf',1995,0,0
'hunt','inf',1996,0,0
'hunt','inf',1997,1,3.61E-06
'hunt','inf',1998,1,3.61E-06
'hunt','inf',1999,0,0
'hunt','inf',2000,1,3.61E-06
'indi','inf',1987,1,1.16E-06
'indi','inf',1988,3,3.49E-06
'indi','inf',1989,2,2.32E-06
'indi','inf',1990,7,8.14E-06
'indi','inf',1991,5,5.81E-06
'indi','inf',1992,1,1.16E-06
'indi','inf',1993,5,5.81E-06
'indi','inf',1994,5,5.81E-06
'indi','inf',1995,2,2.32E-06
'indi','inf',1996,3,3.49E-06
'indi','inf',1997,2,2.32E-06
'indi','inf',1998,5,5.81E-06
'indi','inf',1999,3,3.49E-06
'indi','inf',2000,1,1.16E-06
'jcks','inf',1987,0,0
'jcks','inf',1988,2,7.97E-06
'jcks','inf',1989,2,7.97E-06
'jcks','inf',1990,2,7.97E-06
'jcks','inf',1991,2,7.97E-06
'jcks','inf',1992,0,0
'jcks','inf',1993,1,3.99E-06
'jcks','inf',1994,0,0
'jcks','inf',1995,0,0
'jcks','inf',1996,1,3.99E-06
'jcks','inf',1997,0,0
'jcks','inf',1998,1,3.99E-06
'jcks','inf',1999,0,0
'jcks','inf',2000,0,0
'jckv','inf',1987,0,0
'jckv','inf',1988,3,3.85E-06
'jckv','inf',1989,1,1.28E-06
'jckv','inf',1990,3,3.85E-06
'jckv','inf',1991,0,0
'jckv','inf',1992,1,1.28E-06
'jckv','inf',1993,0,0
'jckv','inf',1994,0,0
'jckv','inf',1995,0,0
'jckv','inf',1996,0,0
'jckv','inf',1997,0,0
'jckv','inf',1998,2,2.57E-06
'jckv','inf',1999,1,1.28E-06
'jckv','inf',2000,1,1.28E-06
'jers','inf',1987,0,0
'jers','inf',1988,1,1.64E-06
'jers','inf',1989,0,0
'jers','inf',1990,0,0
'jers','inf',1991,0,0
'jers','inf',1992,0,0
'jers','inf',1993,0,0
'jers','inf',1994,0,0
'jers','inf',1995,0,0
'jers','inf',1996,1,1.64E-06
'jers','inf',1997,0,0
'jers','inf',1998,0,0
'jers','inf',1999,0,0
'jers','inf',2000,3,4.93E-06
'john','inf',1987,1,6.55E-06
'john','inf',1988,0,0
'john','inf',1989,0,0
'john','inf',1990,0,0
'john','inf',1991,0,0
'john','inf',1992,0,0
'john','inf',1993,0,0
'john','inf',1994,0,0
'john','inf',1995,0,0
'john','inf',1996,1,6.55E-06
'john','inf',1997,0,0
'john','inf',1998,2,1.31E-05
'john','inf',1999,1,6.55E-06
'john','inf',2000,0,0
'kan','inf',1987,0,0
'kan','inf',1988,0,0
'kan','inf',1989,1,1.10E-06
'kan','inf',1990,7,7.67E-06
'kan','inf',1991,3,3.29E-06
'kan','inf',1992,0,0
'kan','inf',1993,2,2.19E-06
'kan','inf',1994,1,1.10E-06
'kan','inf',1995,3,3.29E-06
'kan','inf',1996,1,1.10E-06
'kan','inf',1997,0,0
'kan','inf',1998,2,2.19E-06
'kan','inf',1999,3,3.29E-06
'kan','inf',2000,12,1.31E-05
'kans','inf',1987,0,0
'kans','inf',1988,1,6.33E-06
'kans','inf',1989,1,6.33E-06
'kans','inf',1990,0,0
'kans','inf',1991,0,0
'kans','inf',1992,0,0
'kans','inf',1993,0,0
'kans','inf',1994,0,0
'kans','inf',1995,0,0
'kans','inf',1996,0,0
'kans','inf',1997,0,0
'kans','inf',1998,0,0
'kans','inf',1999,0,0
'kans','inf',2000,2,1.27E-05
'king','inf',1987,1,5.63E-06
'king','inf',1988,2,1.13E-05
'king','inf',1989,1,5.63E-06
'king','inf',1990,0,0
'king','inf',1991,1,5.63E-06
'king','inf',1992,1,5.63E-06
'king','inf',1993,0,0
'king','inf',1994,0,0
'king','inf',1995,0,0
'king','inf',1996,0,0
'king','inf',1997,0,0
'king','inf',1998,1,5.63E-06
'king','inf',1999,3,1.69E-05
'king','inf',2000,0,0
'knox','inf',1987,0,0
'knox','inf',1988,2,5.24E-06
'knox','inf',1989,0,0
'knox','inf',1990,2,5.24E-06
'knox','inf',1991,1,2.62E-06
'knox','inf',1992,1,2.62E-06
'knox','inf',1993,0,0
'knox','inf',1994,2,5.24E-06
'knox','inf',1995,3,7.85E-06
'knox','inf',1996,0,0
'knox','inf',1997,1,2.62E-06
'knox','inf',1998,4,1.05E-05
'knox','inf',1999,2,5.24E-06
'knox','inf',2000,1,2.62E-06
'la','inf',1987,16,1.68E-06
'la','inf',1988,52,5.46E-06
'la','inf',1989,63,6.62E-06
'la','inf',1990,42,4.41E-06
'la','inf',1991,26,2.73E-06
'la','inf',1992,25,2.63E-06
'la','inf',1993,26,2.73E-06
'la','inf',1994,18,1.89E-06
'la','inf',1995,11,1.16E-06
'la','inf',1996,19,2.00E-06
'la','inf',1997,22,2.31E-06
'la','inf',1998,53,5.57E-06
'la','inf',1999,21,2.21E-06
'la','inf',2000,32,3.36E-06
'lafy','inf',1987,0,0
'lafy','inf',1988,2,1.05E-05
'lafy','inf',1989,0,0
'lafy','inf',1990,2,1.05E-05
'lafy','inf',1991,0,0
'lafy','inf',1992,0,0
'lafy','inf',1993,0,0
'lafy','inf',1994,1,5.25E-06
'lafy','inf',1995,0,0
'lafy','inf',1996,1,5.25E-06
'lafy','inf',1997,0,0
'lafy','inf',1998,1,5.25E-06
'lafy','inf',1999,0,0
'lafy','inf',2000,0,0
'lasv','inf',1987,0,0
'lasv','inf',1988,0,0
'lasv','inf',1989,0,0
'lasv','inf',1990,6,4.36E-06
'lasv','inf',1991,1,7.27E-07
'lasv','inf',1992,0,0
'lasv','inf',1993,2,1.45E-06
'lasv','inf',1994,1,7.27E-07
'lasv','inf',1995,1,7.27E-07
'lasv','inf',1996,1,7.27E-07
'lasv','inf',1997,0,0
'lasv','inf',1998,0,0
'lasv','inf',1999,0,0
'lasv','inf',2000,0,0
'lex','inf',1987,1,3.84E-06
'lex','inf',1988,1,3.84E-06
'lex','inf',1989,5,1.92E-05
'lex','inf',1990,1,3.84E-06
'lex','inf',1991,2,7.68E-06
'lex','inf',1992,1,3.84E-06
'lex','inf',1993,0,0
'lex','inf',1994,0,0
'lex','inf',1995,0,0
'lex','inf',1996,0,0
'lex','inf',1997,0,0
'lex','inf',1998,0,0
'lex','inf',1999,0,0
'lex','inf',2000,0,0
'linc','inf',1987,2,7.99E-06
'linc','inf',1988,4,1.60E-05
'linc','inf',1989,0,0
'linc','inf',1990,3,1.20E-05
'linc','inf',1991,4,1.60E-05
'linc','inf',1992,0,0
'linc','inf',1993,0,0
'linc','inf',1994,2,7.99E-06
'linc','inf',1995,4,1.60E-05
'linc','inf',1996,0,0
'linc','inf',1997,0,0
'linc','inf',1998,2,7.99E-06
'linc','inf',1999,0,0
'linc','inf',2000,1,4.00E-06
'lkch','inf',1987,0,0
'lkch','inf',1988,0,0
'lkch','inf',1989,0,0
'lkch','inf',1990,1,5.45E-06
'lkch','inf',1991,1,5.45E-06
'lkch','inf',1992,0,0
'lkch','inf',1993,1,5.45E-06
'lkch','inf',1994,1,5.45E-06
'lkch','inf',1995,0,0
'lkch','inf',1996,0,0
'lkch','inf',1997,0,0
'lkch','inf',1998,0,0
'lkch','inf',1999,0,0
'lkch','inf',2000,0,0
'loui','inf',1987,4,5.77E-06
'loui','inf',1988,1,1.44E-06
'loui','inf',1989,4,5.77E-06
'loui','inf',1990,0,0
'loui','inf',1991,4,5.77E-06
'loui','inf',1992,0,0
'loui','inf',1993,4,5.77E-06
'loui','inf',1994,0,0
'loui','inf',1995,0,0
'loui','inf',1996,0,0
'loui','inf',1997,0,0
'loui','inf',1998,1,1.44E-06
'loui','inf',1999,1,1.44E-06
'loui','inf',2000,4,5.77E-06
'ltrk','inf',1987,0,0
'ltrk','inf',1988,1,2.77E-06
'ltrk','inf',1989,2,5.53E-06
'ltrk','inf',1990,0,0
'ltrk','inf',1991,0,0
'ltrk','inf',1992,0,0
'ltrk','inf',1993,0,0
'ltrk','inf',1994,0,0
'ltrk','inf',1995,0,0
'ltrk','inf',1996,0,0
'ltrk','inf',1997,0,0
'ltrk','inf',1998,1,2.77E-06
'ltrk','inf',1999,0,0
'ltrk','inf',2000,4,1.11E-05
'lubb','inf',1987,0,0
'lubb','inf',1988,0,0
'lubb','inf',1989,0,0
'lubb','inf',1990,2,8.24E-06
'lubb','inf',1991,5,2.06E-05
'lubb','inf',1992,1,4.12E-06
'lubb','inf',1993,2,8.24E-06
'lubb','inf',1994,2,8.24E-06
'lubb','inf',1995,0,0
'lubb','inf',1996,0,0
'lubb','inf',1997,0,0
'lubb','inf',1998,1,4.12E-06
'lubb','inf',1999,1,4.12E-06
'lubb','inf',2000,1,4.12E-06
'madi','inf',1987,2,4.69E-06
'madi','inf',1988,1,2.34E-06
'madi','inf',1989,1,2.34E-06
'madi','inf',1990,2,4.69E-06
'madi','inf',1991,1,2.34E-06
'madi','inf',1992,0,0
'madi','inf',1993,2,4.69E-06
'madi','inf',1994,2,4.69E-06
'madi','inf',1995,0,0
'madi','inf',1996,2,4.69E-06
'madi','inf',1997,1,2.34E-06
'madi','inf',1998,3,7.03E-06
'madi','inf',1999,5,1.17E-05
'madi','inf',2000,1,2.34E-06
'memp','inf',1987,1,1.11E-06
'memp','inf',1988,1,1.11E-06
'memp','inf',1989,2,2.23E-06
'memp','inf',1990,0,0
'memp','inf',1991,0,0
'memp','inf',1992,0,0
'memp','inf',1993,1,1.11E-06
'memp','inf',1994,2,2.23E-06
'memp','inf',1995,0,0
'memp','inf',1996,3,3.34E-06
'memp','inf',1997,2,2.23E-06
'memp','inf',1998,3,3.34E-06
'memp','inf',1999,2,2.23E-06
'memp','inf',2000,8,8.91E-06
'miam','inf',1987,3,1.33E-06
'miam','inf',1988,3,1.33E-06
'miam','inf',1989,5,2.22E-06
'miam','inf',1990,5,2.22E-06
'miam','inf',1991,1,4.44E-07
'miam','inf',1992,2,8.88E-07
'miam','inf',1993,7,3.11E-06
'miam','inf',1994,3,1.33E-06
'miam','inf',1995,3,1.33E-06
'miam','inf',1996,2,8.88E-07
'miam','inf',1997,2,8.88E-07
'miam','inf',1998,1,4.44E-07
'miam','inf',1999,3,1.33E-06
'miam','inf',2000,7,3.11E-06
'milw','inf',1987,0,0
'milw','inf',1988,3,3.19E-06
'milw','inf',1989,8,8.51E-06
'milw','inf',1990,4,4.25E-06
'milw','inf',1991,4,4.25E-06
'milw','inf',1992,2,2.13E-06
'milw','inf',1993,0,0
'milw','inf',1994,1,1.06E-06
'milw','inf',1995,2,2.13E-06
'milw','inf',1996,2,2.13E-06
'milw','inf',1997,0,0
'milw','inf',1998,4,4.25E-06
'milw','inf',1999,8,8.51E-06
'milw','inf',2000,7,7.45E-06
'minn','inf',1987,0,0
'minn','inf',1988,5,3.07E-06
'minn','inf',1989,12,7.37E-06
'minn','inf',1990,11,6.76E-06
'minn','inf',1991,5,3.07E-06
'minn','inf',1992,7,4.30E-06
'minn','inf',1993,8,4.92E-06
'minn','inf',1994,8,4.92E-06
'minn','inf',1995,2,1.23E-06
'minn','inf',1996,3,1.84E-06
'minn','inf',1997,5,3.07E-06
'minn','inf',1998,18,1.11E-05
'minn','inf',1999,14,8.60E-06
'minn','inf',2000,19,1.17E-05
'mobi','inf',1987,1,2.50E-06
'mobi','inf',1988,9,2.25E-05
'mobi','inf',1989,3,7.50E-06
'mobi','inf',1990,1,2.50E-06
'mobi','inf',1991,1,2.50E-06
'mobi','inf',1992,1,2.50E-06
'mobi','inf',1993,0,0
'mobi','inf',1994,2,5.00E-06
'mobi','inf',1995,0,0
'mobi','inf',1996,1,2.50E-06
'mobi','inf',1997,1,2.50E-06
'mobi','inf',1998,0,0
'mobi','inf',1999,0,0
'mobi','inf',2000,1,2.50E-06
'mode','inf',1987,2,4.47E-06
'mode','inf',1988,7,1.57E-05
'mode','inf',1989,12,2.68E-05
'mode','inf',1990,1,2.24E-06
'mode','inf',1991,4,8.95E-06
'mode','inf',1992,0,0
'mode','inf',1993,2,4.47E-06
'mode','inf',1994,3,6.71E-06
'mode','inf',1995,0,0
'mode','inf',1996,1,2.24E-06
'mode','inf',1997,1,2.24E-06
'mode','inf',1998,3,6.71E-06
'mode','inf',1999,2,4.47E-06
'mode','inf',2000,0,0
'musk','inf',1987,2,1.18E-05
'musk','inf',1988,2,1.18E-05
'musk','inf',1989,6,3.53E-05
'musk','inf',1990,1,5.88E-06
'musk','inf',1991,4,2.35E-05
'musk','inf',1992,3,1.76E-05
'musk','inf',1993,0,0
'musk','inf',1994,7,4.11E-05
'musk','inf',1995,1,5.88E-06
'musk','inf',1996,2,1.18E-05
'musk','inf',1997,0,0
'musk','inf',1998,4,2.35E-05
'musk','inf',1999,0,0
'musk','inf',2000,2,1.18E-05
'nash','inf',1987,1,1.75E-06
'nash','inf',1988,3,5.26E-06
'nash','inf',1989,0,0
'nash','inf',1990,5,8.77E-06
'nash','inf',1991,1,1.75E-06
'nash','inf',1992,1,1.75E-06
'nash','inf',1993,1,1.75E-06
'nash','inf',1994,2,3.51E-06
'nash','inf',1995,0,0
'nash','inf',1996,2,3.51E-06
'nash','inf',1997,0,0
'nash','inf',1998,2,3.51E-06
'nash','inf',1999,5,8.77E-06
'nash','inf',2000,1,1.75E-06
'new','inf',1987,1,5.55E-06
'new','inf',1988,0,0
'new','inf',1989,0,0
'new','inf',1990,1,5.55E-06
'new','inf',1991,1,5.55E-06
'new','inf',1992,0,0
'new','inf',1993,0,0
'new','inf',1994,0,0
'new','inf',1995,0,0
'new','inf',1996,0,0
'new','inf',1997,0,0
'new','inf',1998,1,5.55E-06
'new','inf',1999,3,1.67E-05
'new','inf',2000,1,5.55E-06
'no','inf',1987,0,0
'no','inf',1988,2,4.13E-06
'no','inf',1989,0,0
'no','inf',1990,0,0
'no','inf',1991,1,2.06E-06
'no','inf',1992,0,0
'no','inf',1993,0,0
'no','inf',1994,0,0
'no','inf',1995,0,0
'no','inf',1996,0,0
'no','inf',1997,0,0
'no','inf',1998,0,0
'no','inf',1999,1,2.06E-06
'no','inf',2000,1,2.06E-06
'nor','inf',1987,0,0
'nor','inf',1988,1,4.27E-06
'nor','inf',1989,2,8.53E-06
'nor','inf',1990,1,4.27E-06
'nor','inf',1991,0,0
'nor','inf',1992,0,0
'nor','inf',1993,0,0
'nor','inf',1994,0,0
'nor','inf',1995,0,0
'nor','inf',1996,0,0
'nor','inf',1997,0,0
'nor','inf',1998,0,0
'nor','inf',1999,0,0
'nor','inf',2000,0,0
'nwk','inf',1987,0,0
'nwk','inf',1988,2,2.52E-06
'nwk','inf',1989,1,1.26E-06
'nwk','inf',1990,5,6.30E-06
'nwk','inf',1991,1,1.26E-06
'nwk','inf',1992,4,5.04E-06
'nwk','inf',1993,0,0
'nwk','inf',1994,0,0
'nwk','inf',1995,0,0
'nwk','inf',1996,0,0
'nwk','inf',1997,0,0
'nwk','inf',1998,1,1.26E-06
'nwk','inf',1999,0,0
'nwk','inf',2000,1,1.26E-06
'ny','inf',1987,0,0
'ny','inf',1988,12,1.34E-06
'ny','inf',1989,7,7.84E-07
'ny','inf',1990,13,1.46E-06
'ny','inf',1991,8,8.96E-07
'ny','inf',1992,2,2.24E-07
'ny','inf',1993,10,1.12E-06
'ny','inf',1994,1,1.12E-07
'ny','inf',1995,4,4.48E-07
'ny','inf',1996,6,6.72E-07
'ny','inf',1997,7,7.84E-07
'ny','inf',1998,4,4.48E-07
'ny','inf',1999,9,1.01E-06
'ny','inf',2000,11,1.23E-06
'oakl','inf',1987,4,2.77E-06
'oakl','inf',1988,1,6.93E-07
'oakl','inf',1989,3,2.08E-06
'oakl','inf',1990,3,2.08E-06
'oakl','inf',1991,2,1.39E-06
'oakl','inf',1992,2,1.39E-06
'oakl','inf',1993,1,6.93E-07
'oakl','inf',1994,2,1.39E-06
'oakl','inf',1995,2,1.39E-06
'oakl','inf',1996,5,3.46E-06
'oakl','inf',1997,3,2.08E-06
'oakl','inf',1998,3,2.08E-06
'oakl','inf',1999,2,1.39E-06
'oakl','inf',2000,5,3.46E-06
'okla','inf',1987,0,0
'okla','inf',1988,2,3.03E-06
'okla','inf',1989,3,4.54E-06
'okla','inf',1990,4,6.06E-06
'okla','inf',1991,1,1.51E-06
'okla','inf',1992,1,1.51E-06
'okla','inf',1993,1,1.51E-06
'okla','inf',1994,2,3.03E-06
'okla','inf',1995,0,0
'okla','inf',1996,1,1.51E-06
'okla','inf',1997,2,3.03E-06
'okla','inf',1998,0,0
'okla','inf',1999,2,3.03E-06
'okla','inf',2000,3,4.54E-06
'olym','inf',1987,0,0
'olym','inf',1988,2,9.65E-06
'olym','inf',1989,0,0
'olym','inf',1990,2,9.65E-06
'olym','inf',1991,1,4.82E-06
'olym','inf',1992,0,0
'olym','inf',1993,2,9.65E-06
'olym','inf',1994,0,0
'olym','inf',1995,0,0
'olym','inf',1996,0,0
'olym','inf',1997,0,0
'olym','inf',1998,0,0
'olym','inf',1999,1,4.82E-06
'olym','inf',2000,0,0
'oma','inf',1987,3,6.47E-06
'oma','inf',1988,3,6.47E-06
'oma','inf',1989,3,6.47E-06
'oma','inf',1990,5,1.08E-05
'oma','inf',1991,2,4.31E-06
'oma','inf',1992,0,0
'oma','inf',1993,1,2.16E-06
'oma','inf',1994,1,2.16E-06
'oma','inf',1995,1,2.16E-06
'oma','inf',1996,2,4.31E-06
'oma','inf',1997,1,2.16E-06
'oma','inf',1998,4,8.63E-06
'oma','inf',1999,3,6.47E-06
'oma','inf',2000,5,1.08E-05
'orla','inf',1987,1,1.12E-06
'orla','inf',1988,0,0
'orla','inf',1989,3,3.35E-06
'orla','inf',1990,1,1.12E-06
'orla','inf',1991,2,2.23E-06
'orla','inf',1992,0,0
'orla','inf',1993,1,1.12E-06
'orla','inf',1994,1,1.12E-06
'orla','inf',1995,2,2.23E-06
'orla','inf',1996,3,3.35E-06
'orla','inf',1997,1,1.12E-06
'orla','inf',1998,3,3.35E-06
'orla','inf',1999,2,2.23E-06
'orla','inf',2000,1,1.12E-06
'phil','inf',1987,1,6.59E-07
'phil','inf',1988,1,6.59E-07
'phil','inf',1989,4,2.64E-06
'phil','inf',1990,1,6.59E-07
'phil','inf',1991,4,2.64E-06
'phil','inf',1992,3,1.98E-06
'phil','inf',1993,6,3.95E-06
'phil','inf',1994,0,0
'phil','inf',1995,2,1.32E-06
'phil','inf',1996,1,6.59E-07
'phil','inf',1997,0,0
'phil','inf',1998,0,0
'phil','inf',1999,1,6.59E-07
'phil','inf',2000,3,1.98E-06
'phoe','inf',1987,6,1.95E-06
'phoe','inf',1988,8,2.60E-06
'phoe','inf',1989,9,2.93E-06
'phoe','inf',1990,10,3.26E-06
'phoe','inf',1991,3,9.77E-07
'phoe','inf',1992,5,1.63E-06
'phoe','inf',1993,6,1.95E-06
'phoe','inf',1994,4,1.30E-06
'phoe','inf',1995,0,0
'phoe','inf',1996,7,2.28E-06
'phoe','inf',1997,6,1.95E-06
'phoe','inf',1998,7,2.28E-06
'phoe','inf',1999,15,4.88E-06
'phoe','inf',2000,10,3.26E-06
'pitt','inf',1987,2,1.56E-06
'pitt','inf',1988,2,1.56E-06
'pitt','inf',1989,6,4.68E-06
'pitt','inf',1990,5,3.90E-06
'pitt','inf',1991,5,3.90E-06
'pitt','inf',1992,4,3.12E-06
'pitt','inf',1993,6,4.68E-06
'pitt','inf',1994,3,2.34E-06
'pitt','inf',1995,0,0
'pitt','inf',1996,4,3.12E-06
'pitt','inf',1997,3,2.34E-06
'pitt','inf',1998,1,7.80E-07
'pitt','inf',1999,4,3.12E-06
'pitt','inf',2000,5,3.90E-06
'port','inf',1987,3,3.00E-06
'port','inf',1988,6,6.01E-06
'port','inf',1989,10,1.00E-05
'port','inf',1990,10,1.00E-05
'port','inf',1991,5,5.01E-06
'port','inf',1992,5,5.01E-06
'port','inf',1993,18,1.80E-05
'port','inf',1994,4,4.00E-06
'port','inf',1995,1,1.00E-06
'port','inf',1996,1,1.00E-06
'port','inf',1997,5,5.01E-06
'port','inf',1998,2,2.00E-06
'port','inf',1999,2,2.00E-06
'port','inf',2000,9,9.01E-06
'prov','inf',1987,0,0
'prov','inf',1988,0,0
'prov','inf',1989,1,1.61E-06
'prov','inf',1990,0,0
'prov','inf',1991,0,0
'prov','inf',1992,2,3.22E-06
'prov','inf',1993,2,3.22E-06
'prov','inf',1994,0,0
'prov','inf',1995,0,0
'prov','inf',1996,0,0
'prov','inf',1997,1,1.61E-06
'prov','inf',1998,0,0
'prov','inf',1999,3,4.83E-06
'prov','inf',2000,3,4.83E-06
'ral','inf',1987,0,0
'ral','inf',1988,9,1.43E-05
'ral','inf',1989,0,0
'ral','inf',1990,1,1.59E-06
'ral','inf',1991,1,1.59E-06
'ral','inf',1992,0,0
'ral','inf',1993,3,4.78E-06
'ral','inf',1994,0,0
'ral','inf',1995,0,0
'ral','inf',1996,0,0
'ral','inf',1997,0,0
'ral','inf',1998,0,0
'ral','inf',1999,0,0
'ral','inf',2000,2,3.19E-06
'rich','inf',1987,1,5.06E-06
'rich','inf',1988,1,5.06E-06
'rich','inf',1989,1,5.06E-06
'rich','inf',1990,0,0
'rich','inf',1991,0,0
'rich','inf',1992,1,5.06E-06
'rich','inf',1993,0,0
'rich','inf',1994,1,5.06E-06
'rich','inf',1995,0,0
'rich','inf',1996,0,0
'rich','inf',1997,0,0
'rich','inf',1998,0,0
'rich','inf',1999,0,0
'rich','inf',2000,0,0
'rive','inf',1987,4,2.59E-06
'rive','inf',1988,9,5.82E-06
'rive','inf',1989,6,3.88E-06
'rive','inf',1990,6,3.88E-06
'rive','inf',1991,6,3.88E-06
'rive','inf',1992,4,2.59E-06
'rive','inf',1993,1,6.47E-07
'rive','inf',1994,4,2.59E-06
'rive','inf',1995,4,2.59E-06
'rive','inf',1996,0,0
'rive','inf',1997,4,2.59E-06
'rive','inf',1998,19,1.23E-05
'rive','inf',1999,1,6.47E-07
'rive','inf',2000,9,5.82E-06
'roch','inf',1987,2,2.72E-06
'roch','inf',1988,7,9.52E-06
'roch','inf',1989,7,9.52E-06
'roch','inf',1990,5,6.80E-06
'roch','inf',1991,3,4.08E-06
'roch','inf',1992,1,1.36E-06
'roch','inf',1993,4,5.44E-06
'roch','inf',1994,1,1.36E-06
'roch','inf',1995,3,4.08E-06
'roch','inf',1996,5,6.80E-06
'roch','inf',1997,5,6.80E-06
'roch','inf',1998,12,1.63E-05
'roch','inf',1999,25,3.40E-05
'roch','inf',2000,14,1.90E-05
'sacr','inf',1987,1,8.17E-07
'sacr','inf',1988,5,4.09E-06
'sacr','inf',1989,11,8.99E-06
'sacr','inf',1990,5,4.09E-06
'sacr','inf',1991,4,3.27E-06
'sacr','inf',1992,5,4.09E-06
'sacr','inf',1993,4,3.27E-06
'sacr','inf',1994,5,4.09E-06
'sacr','inf',1995,1,8.17E-07
'sacr','inf',1996,2,1.63E-06
'sacr','inf',1997,2,1.63E-06
'sacr','inf',1998,6,4.90E-06
'sacr','inf',1999,1,8.17E-07
'sacr','inf',2000,2,1.63E-06
'salt','inf',1987,4,4.45E-06
'salt','inf',1988,7,7.79E-06
'salt','inf',1989,9,1.00E-05
'salt','inf',1990,5,5.57E-06
'salt','inf',1991,0,0
'salt','inf',1992,2,2.23E-06
'salt','inf',1993,4,4.45E-06
'salt','inf',1994,1,1.11E-06
'salt','inf',1995,1,1.11E-06
'salt','inf',1996,3,3.34E-06
'salt','inf',1997,2,2.23E-06
'salt','inf',1998,0,0
'salt','inf',1999,2,2.23E-06
'salt','inf',2000,1,1.11E-06
'sana','inf',1987,1,7.18E-07
'sana','inf',1988,10,7.18E-06
'sana','inf',1989,0,0
'sana','inf',1990,6,4.31E-06
'sana','inf',1991,1,7.18E-07
'sana','inf',1992,2,1.44E-06
'sana','inf',1993,3,2.15E-06
'sana','inf',1994,5,3.59E-06
'sana','inf',1995,1,7.18E-07
'sana','inf',1996,0,0
'sana','inf',1997,1,7.18E-07
'sana','inf',1998,0,0
'sana','inf',1999,2,1.44E-06
'sana','inf',2000,4,2.87E-06
'sanb','inf',1987,2,1.17E-06
'sanb','inf',1988,3,1.75E-06
'sanb','inf',1989,8,4.68E-06
'sanb','inf',1990,12,7.02E-06
'sanb','inf',1991,7,4.09E-06
'sanb','inf',1992,6,3.51E-06
'sanb','inf',1993,5,2.92E-06
'sanb','inf',1994,15,8.77E-06
'sanb','inf',1995,6,3.51E-06
'sanb','inf',1996,9,5.26E-06
'sanb','inf',1997,9,5.26E-06
'sanb','inf',1998,11,6.43E-06
'sanb','inf',1999,3,1.75E-06
'sanb','inf',2000,6,3.51E-06
'sand','inf',1987,9,3.20E-06
'sand','inf',1988,31,1.10E-05
'sand','inf',1989,35,1.24E-05
'sand','inf',1990,12,4.26E-06
'sand','inf',1991,6,2.13E-06
'sand','inf',1992,11,3.91E-06
'sand','inf',1993,11,3.91E-06
'sand','inf',1994,15,5.33E-06
'sand','inf',1995,3,1.07E-06
'sand','inf',1996,11,3.91E-06
'sand','inf',1997,9,3.20E-06
'sand','inf',1998,24,8.53E-06
'sand','inf',1999,20,7.11E-06
'sand','inf',2000,21,7.46E-06
'sanf','inf',1987,2,2.57E-06
'sanf','inf',1988,0,0
'sanf','inf',1989,6,7.72E-06
'sanf','inf',1990,1,1.29E-06
'sanf','inf',1991,2,2.57E-06
'sanf','inf',1992,2,2.57E-06
'sanf','inf',1993,1,1.29E-06
'sanf','inf',1994,1,1.29E-06
'sanf','inf',1995,0,0
'sanf','inf',1996,1,1.29E-06
'sanf','inf',1997,5,6.44E-06
'sanf','inf',1998,3,3.86E-06
'sanf','inf',1999,1,1.29E-06
'sanf','inf',2000,2,2.57E-06
'sanj','inf',1987,1,5.94E-07
'sanj','inf',1988,11,6.54E-06
'sanj','inf',1989,11,6.54E-06
'sanj','inf',1990,3,1.78E-06
'sanj','inf',1991,3,1.78E-06
'sanj','inf',1992,4,2.38E-06
'sanj','inf',1993,3,1.78E-06
'sanj','inf',1994,7,4.16E-06
'sanj','inf',1995,3,1.78E-06
'sanj','inf',1996,5,2.97E-06
'sanj','inf',1997,4,2.38E-06
'sanj','inf',1998,2,1.19E-06
'sanj','inf',1999,2,1.19E-06
'sanj','inf',2000,2,1.19E-06
'seat','inf',1987,6,3.45E-06
'seat','inf',1988,13,7.48E-06
'seat','inf',1989,12,6.91E-06
'seat','inf',1990,16,9.21E-06
'seat','inf',1991,3,1.73E-06
'seat','inf',1992,4,2.30E-06
'seat','inf',1993,10,5.76E-06
'seat','inf',1994,18,1.04E-05
'seat','inf',1995,3,1.73E-06
'seat','inf',1996,10,5.76E-06
'seat','inf',1997,7,4.03E-06
'seat','inf',1998,9,5.18E-06
'seat','inf',1999,13,7.48E-06
'seat','inf',2000,7,4.03E-06
'shr','inf',1987,0,0
'shr','inf',1988,1,2.85E-06
'shr','inf',1989,0,0
'shr','inf',1990,1,2.85E-06
'shr','inf',1991,1,2.85E-06
'shr','inf',1992,1,2.85E-06
'shr','inf',1993,1,2.85E-06
'shr','inf',1994,1,2.85E-06
'shr','inf',1995,0,0
'shr','inf',1996,0,0
'shr','inf',1997,2,5.71E-06
'shr','inf',1998,1,2.85E-06
'shr','inf',1999,1,2.85E-06
'shr','inf',2000,0,0
'spok','inf',1987,1,2.39E-06
'spok','inf',1988,20,4.79E-05
'spok','inf',1989,1,2.39E-06
'spok','inf',1990,3,7.18E-06
'spok','inf',1991,2,4.79E-06
'spok','inf',1992,0,0
'spok','inf',1993,8,1.91E-05
'spok','inf',1994,5,1.20E-05
'spok','inf',1995,4,9.57E-06
'spok','inf',1996,1,2.39E-06
'spok','inf',1997,6,1.44E-05
'spok','inf',1998,1,2.39E-06
'spok','inf',1999,8,1.91E-05
'spok','inf',2000,4,9.57E-06
'staa','inf',1987,3,1.05E-06
'staa','inf',1988,9,3.16E-06
'staa','inf',1989,12,4.22E-06
'staa','inf',1990,7,2.46E-06
'staa','inf',1991,3,1.05E-06
'staa','inf',1992,6,2.11E-06
'staa','inf',1993,4,1.41E-06
'staa','inf',1994,6,2.11E-06
'staa','inf',1995,1,3.51E-07
'staa','inf',1996,7,2.46E-06
'staa','inf',1997,9,3.16E-06
'staa','inf',1998,15,5.27E-06
'staa','inf',1999,7,2.46E-06
'staa','inf',2000,9,3.16E-06
'stlo','inf',1987,0,0
'stlo','inf',1988,2,5.74E-06
'stlo','inf',1989,0,0
'stlo','inf',1990,4,1.15E-05
'stlo','inf',1991,2,5.74E-06
'stlo','inf',1992,3,8.62E-06
'stlo','inf',1993,1,2.87E-06
'stlo','inf',1994,2,5.74E-06
'stlo','inf',1995,4,1.15E-05
'stlo','inf',1996,1,2.87E-06
'stlo','inf',1997,2,5.74E-06
'stlo','inf',1998,2,5.74E-06
'stlo','inf',1999,2,5.74E-06
'stlo','inf',2000,2,5.74E-06
'stoc','inf',1987,0,0
'stoc','inf',1988,2,3.55E-06
'stoc','inf',1989,5,8.87E-06
'stoc','inf',1990,2,3.55E-06
'stoc','inf',1991,2,3.55E-06
'stoc','inf',1992,5,8.87E-06
'stoc','inf',1993,3,5.32E-06
'stoc','inf',1994,1,1.77E-06
'stoc','inf',1995,0,0
'stoc','inf',1996,4,7.10E-06
'stoc','inf',1997,2,3.55E-06
'stoc','inf',1998,8,1.42E-05
'stoc','inf',1999,2,3.55E-06
'stoc','inf',2000,3,5.32E-06
'stpe','inf',1987,1,1.09E-06
'stpe','inf',1988,0,0
'stpe','inf',1989,1,1.09E-06
'stpe','inf',1990,1,1.09E-06
'stpe','inf',1991,2,2.17E-06
'stpe','inf',1992,1,1.09E-06
'stpe','inf',1993,0,0
'stpe','inf',1994,5,5.43E-06
'stpe','inf',1995,0,0
'stpe','inf',1996,1,1.09E-06
'stpe','inf',1997,2,2.17E-06
'stpe','inf',1998,0,0
'stpe','inf',1999,6,6.51E-06
'stpe','inf',2000,3,3.26E-06
'syra','inf',1987,2,4.40E-06
'syra','inf',1988,3,6.60E-06
'syra','inf',1989,5,1.10E-05
'syra','inf',1990,6,1.32E-05
'syra','inf',1991,4,8.80E-06
'syra','inf',1992,1,2.20E-06
'syra','inf',1993,0,0
'syra','inf',1994,2,4.40E-06
'syra','inf',1995,0,0
'syra','inf',1996,2,4.40E-06
'syra','inf',1997,2,4.40E-06
'syra','inf',1998,17,3.74E-05
'syra','inf',1999,5,1.10E-05
'syra','inf',2000,2,4.40E-06
'taco','inf',1987,2,2.85E-06
'taco','inf',1988,4,5.71E-06
'taco','inf',1989,2,2.85E-06
'taco','inf',1990,2,2.85E-06
'taco','inf',1991,2,2.85E-06
'taco','inf',1992,1,1.43E-06
'taco','inf',1993,1,1.43E-06
'taco','inf',1994,0,0
'taco','inf',1995,1,1.43E-06
'taco','inf',1996,0,0
'taco','inf',1997,0,0
'taco','inf',1998,2,2.85E-06
'taco','inf',1999,3,4.28E-06
'taco','inf',2000,1,1.43E-06
'tamp','inf',1987,1,1.00E-06
'tamp','inf',1988,1,1.00E-06
'tamp','inf',1989,1,1.00E-06
'tamp','inf',1990,0,0
'tamp','inf',1991,2,2.00E-06
'tamp','inf',1992,2,2.00E-06
'tamp','inf',1993,0,0
'tamp','inf',1994,0,0
'tamp','inf',1995,2,2.00E-06
'tamp','inf',1996,1,1.00E-06
'tamp','inf',1997,0,0
'tamp','inf',1998,1,1.00E-06
'tamp','inf',1999,4,4.00E-06
'tamp','inf',2000,2,2.00E-06
'tole','inf',1987,1,2.20E-06
'tole','inf',1988,2,4.40E-06
'tole','inf',1989,3,6.59E-06
'tole','inf',1990,1,2.20E-06
'tole','inf',1991,1,2.20E-06
'tole','inf',1992,1,2.20E-06
'tole','inf',1993,0,0
'tole','inf',1994,2,4.40E-06
'tole','inf',1995,2,4.40E-06
'tole','inf',1996,1,2.20E-06
'tole','inf',1997,0,0
'tole','inf',1998,1,2.20E-06
'tole','inf',1999,0,0
'tole','inf',2000,2,4.40E-06
'tope','inf',1987,0,0
'tope','inf',1988,0,0
'tope','inf',1989,0,0
'tope','inf',1990,3,1.77E-05
'tope','inf',1991,0,0
'tope','inf',1992,1,5.89E-06
'tope','inf',1993,1,5.89E-06
'tope','inf',1994,0,0
'tope','inf',1995,1,5.89E-06
'tope','inf',1996,0,0
'tope','inf',1997,1,5.89E-06
'tope','inf',1998,0,0
'tope','inf',1999,0,0
'tope','inf',2000,2,1.18E-05
'tucs','inf',1987,0,0
'tucs','inf',1988,4,4.74E-06
'tucs','inf',1989,6,7.11E-06
'tucs','inf',1990,5,5.93E-06
'tucs','inf',1991,1,1.19E-06
'tucs','inf',1992,3,3.56E-06
'tucs','inf',1993,1,1.19E-06
'tucs','inf',1994,17,2.01E-05
'tucs','inf',1995,0,0
'tucs','inf',1996,2,2.37E-06
'tucs','inf',1997,1,1.19E-06
'tucs','inf',1998,2,2.37E-06
'tucs','inf',1999,2,2.37E-06
'tucs','inf',2000,2,2.37E-06
'tuls','inf',1987,0,0
'tuls','inf',1988,8,1.42E-05
'tuls','inf',1989,1,1.78E-06
'tuls','inf',1990,7,1.24E-05
'tuls','inf',1991,2,3.55E-06
'tuls','inf',1992,0,0
'tuls','inf',1993,1,1.78E-06
'tuls','inf',1994,2,3.55E-06
'tuls','inf',1995,6,1.07E-05
'tuls','inf',1996,1,1.78E-06
'tuls','inf',1997,1,1.78E-06
'tuls','inf',1998,1,1.78E-06
'tuls','inf',1999,6,1.07E-05
'tuls','inf',2000,9,1.60E-05
'wich','inf',1987,1,2.21E-06
'wich','inf',1988,4,8.83E-06
'wich','inf',1989,3,6.62E-06
'wich','inf',1990,9,1.99E-05
'wich','inf',1991,6,1.32E-05
'wich','inf',1992,2,4.42E-06
'wich','inf',1993,1,2.21E-06
'wich','inf',1994,0,0
'wich','inf',1995,1,2.21E-06
'wich','inf',1996,2,4.42E-06
'wich','inf',1997,3,6.62E-06
'wich','inf',1998,2,4.42E-06
'wich','inf',1999,1,2.21E-06
'wich','inf',2000,6,1.32E-05
'wor','inf',1987,3,3.99E-06
'wor','inf',1988,4,5.33E-06
'wor','inf',1989,3,3.99E-06
'wor','inf',1990,3,3.99E-06
'wor','inf',1991,1,1.33E-06
'wor','inf',1992,3,3.99E-06
'wor','inf',1993,1,1.33E-06
'wor','inf',1994,2,2.66E-06
'wor','inf',1995,1,1.33E-06
'wor','inf',1996,1,1.33E-06
'wor','inf',1997,0,0
'wor','inf',1998,3,3.99E-06
'wor','inf',1999,2,2.66E-06
'wor','inf',2000,1,1.33E-06
