'akr','pneinf',1987,145,0.000267085
'akr','pneinf',1988,151,0.000278136
'akr','pneinf',1989,154,0.000283662
'akr','pneinf',1990,125,0.000230245
'akr','pneinf',1991,148,0.000272611
'akr','pneinf',1992,161,0.000296556
'akr','pneinf',1993,196,0.000361025
'akr','pneinf',1994,165,0.000303924
'akr','pneinf',1995,172,0.000316818
'akr','pneinf',1996,168,0.00030945
'akr','pneinf',1997,195,0.000359183
'akr','pneinf',1998,200,0.000368393
'akr','pneinf',1999,179,0.000329711
'akr','pneinf',2000,175,0.000322344
'albu','pneinf',1987,104,0.000186823
'albu','pneinf',1988,93,0.000167062
'albu','pneinf',1989,114,0.000204786
'albu','pneinf',1990,86,0.000154488
'albu','pneinf',1991,99,0.000177841
'albu','pneinf',1992,98,0.000176044
'albu','pneinf',1993,126,0.000226343
'albu','pneinf',1994,135,0.00024251
'albu','pneinf',1995,135,0.00024251
'albu','pneinf',1996,134,0.000240714
'albu','pneinf',1997,147,0.000264066
'albu','pneinf',1998,152,0.000273048
'albu','pneinf',1999,140,0.000251492
'albu','pneinf',2000,109,0.000195804
'anch','pneinf',1987,16,6.15E-05
'anch','pneinf',1988,9,3.46E-05
'anch','pneinf',1989,9,3.46E-05
'anch','pneinf',1990,10,3.84E-05
'anch','pneinf',1991,7,2.69E-05
'anch','pneinf',1992,14,5.38E-05
'anch','pneinf',1993,13,4.99E-05
'anch','pneinf',1994,18,6.92E-05
'anch','pneinf',1995,23,8.84E-05
'anch','pneinf',1996,14,5.38E-05
'anch','pneinf',1997,15,5.76E-05
'anch','pneinf',1998,11,4.23E-05
'anch','pneinf',1999,20,7.68E-05
'anch','pneinf',2000,19,7.30E-05
'arlv','pneinf',1987,45,0.000237526
'arlv','pneinf',1988,41,0.000216413
'arlv','pneinf',1989,29,0.000153072
'arlv','pneinf',1990,27,0.000142516
'arlv','pneinf',1991,27,0.000142516
'arlv','pneinf',1992,25,0.000131959
'arlv','pneinf',1993,28,0.000147794
'arlv','pneinf',1994,21,0.000110845
'arlv','pneinf',1995,26,0.000137237
'arlv','pneinf',1996,41,0.000216413
'arlv','pneinf',1997,27,0.000142516
'arlv','pneinf',1998,28,0.000147794
'arlv','pneinf',1999,32,0.000168907
'arlv','pneinf',2000,40,0.000211134
'atla','pneinf',1987,259,0.000174779
'atla','pneinf',1988,299,0.000201772
'atla','pneinf',1989,351,0.000236863
'atla','pneinf',1990,338,0.00022809
'atla','pneinf',1991,337,0.000227415
'atla','pneinf',1992,315,0.000212569
'atla','pneinf',1993,370,0.000249684
'atla','pneinf',1994,348,0.000234838
'atla','pneinf',1995,331,0.000223366
'atla','pneinf',1996,378,0.000255083
'atla','pneinf',1997,384,0.000259132
'atla','pneinf',1998,406,0.000273978
'atla','pneinf',1999,318,0.000214594
'atla','pneinf',2000,325,0.000219317
'aust','pneinf',1987,89,0.000109568
'aust','pneinf',1988,99,0.000121879
'aust','pneinf',1989,97,0.000119417
'aust','pneinf',1990,116,0.000142808
'aust','pneinf',1991,84,0.000103413
'aust','pneinf',1992,96,0.000118186
'aust','pneinf',1993,89,0.000109568
'aust','pneinf',1994,100,0.00012311
'aust','pneinf',1995,104,0.000128035
'aust','pneinf',1996,112,0.000137883
'aust','pneinf',1997,122,0.000150195
'aust','pneinf',1998,137,0.000168661
'aust','pneinf',1999,103,0.000126804
'aust','pneinf',2000,112,0.000137883
'bake','pneinf',1987,230,0.000347618
'bake','pneinf',1988,223,0.000337039
'bake','pneinf',1989,238,0.00035971
'bake','pneinf',1990,255,0.000385403
'bake','pneinf',1991,279,0.000421676
'bake','pneinf',1992,243,0.000367266
'bake','pneinf',1993,296,0.00044737
'bake','pneinf',1994,274,0.000414119
'bake','pneinf',1995,265,0.000400517
'bake','pneinf',1996,288,0.000435279
'bake','pneinf',1997,271,0.000409585
'bake','pneinf',1998,320,0.000483643
'bake','pneinf',1999,128,0.000193457
'bake','pneinf',2000,218,0.000329482
'balt','pneinf',1987,313,0.000492794
'balt','pneinf',1988,297,0.000467603
'balt','pneinf',1989,350,0.000551047
'balt','pneinf',1990,294,0.00046288
'balt','pneinf',1991,274,0.000431391
'balt','pneinf',1992,280,0.000440838
'balt','pneinf',1993,313,0.000492794
'balt','pneinf',1994,276,0.00043454
'balt','pneinf',1995,310,0.000488071
'balt','pneinf',1996,323,0.000508538
'balt','pneinf',1997,297,0.000467603
'balt','pneinf',1998,277,0.000436115
'balt','pneinf',1999,206,0.000324331
'balt','pneinf',2000,226,0.000355819
'batr','pneinf',1987,71,0.000171974
'batr','pneinf',1988,59,0.000142908
'batr','pneinf',1989,72,0.000174397
'batr','pneinf',1990,75,0.000181663
'batr','pneinf',1991,84,0.000203463
'batr','pneinf',1992,71,0.000171974
'batr','pneinf',1993,72,0.000174397
'batr','pneinf',1994,100,0.000242218
'batr','pneinf',1995,97,0.000234951
'batr','pneinf',1996,75,0.000181663
'batr','pneinf',1997,85,0.000205885
'batr','pneinf',1998,71,0.000171974
'batr','pneinf',1999,82,0.000198618
'batr','pneinf',2000,96,0.000232529
'bidd','pneinf',1987,22,0.00011781
'bidd','pneinf',1988,29,0.000155294
'bidd','pneinf',1989,30,0.000160649
'bidd','pneinf',1990,33,0.000176714
'bidd','pneinf',1991,30,0.000160649
'bidd','pneinf',1992,31,0.000166004
'bidd','pneinf',1993,24,0.00012852
'bidd','pneinf',1994,37,0.000198134
'bidd','pneinf',1995,29,0.000155294
'bidd','pneinf',1996,27,0.000144585
'bidd','pneinf',1997,40,0.000214199
'bidd','pneinf',1998,35,0.000187424
'bidd','pneinf',1999,28,0.000149939
'bidd','pneinf',2000,22,0.00011781
'birm','pneinf',1987,247,0.000373085
'birm','pneinf',1988,218,0.000329282
'birm','pneinf',1989,297,0.000448609
'birm','pneinf',1990,257,0.00038819
'birm','pneinf',1991,270,0.000407826
'birm','pneinf',1992,263,0.000397253
'birm','pneinf',1993,297,0.000448609
'birm','pneinf',1994,284,0.000428973
'birm','pneinf',1995,307,0.000463713
'birm','pneinf',1996,319,0.000481839
'birm','pneinf',1997,322,0.00048637
'birm','pneinf',1998,354,0.000534705
'birm','pneinf',1999,307,0.000463713
'birm','pneinf',2000,238,0.000359491
'bost','pneinf',1987,309,0.000447951
'bost','pneinf',1988,348,0.000504489
'bost','pneinf',1989,280,0.000405911
'bost','pneinf',1990,299,0.000433455
'bost','pneinf',1991,308,0.000446502
'bost','pneinf',1992,278,0.000403011
'bost','pneinf',1993,336,0.000487093
'bost','pneinf',1994,299,0.000433455
'bost','pneinf',1995,273,0.000395763
'bost','pneinf',1996,302,0.000437804
'bost','pneinf',1997,289,0.000418958
'bost','pneinf',1998,330,0.000478395
'bost','pneinf',1999,204,0.000295735
'bost','pneinf',2000,248,0.000359521
'buff','pneinf',1987,343,0.000360952
'buff','pneinf',1988,370,0.000389365
'buff','pneinf',1989,333,0.000350429
'buff','pneinf',1990,347,0.000365161
'buff','pneinf',1991,391,0.000411464
'buff','pneinf',1992,316,0.000332539
'buff','pneinf',1993,303,0.000318858
'buff','pneinf',1994,346,0.000364109
'buff','pneinf',1995,348,0.000366214
'buff','pneinf',1996,359,0.000377789
'buff','pneinf',1997,394,0.000414621
'buff','pneinf',1998,434,0.000456715
'buff','pneinf',1999,307,0.000323068
'buff','pneinf',2000,256,0.000269399
'cayc','pneinf',1987,26,0.000120363
'cayc','pneinf',1988,32,0.000148139
'cayc','pneinf',1989,26,0.000120363
'cayc','pneinf',1990,39,0.000180544
'cayc','pneinf',1991,37,0.000171285
'cayc','pneinf',1992,31,0.000143509
'cayc','pneinf',1993,43,0.000199061
'cayc','pneinf',1994,42,0.000194432
'cayc','pneinf',1995,53,0.000245354
'cayc','pneinf',1996,52,0.000240725
'cayc','pneinf',1997,47,0.000217578
'cayc','pneinf',1998,55,0.000254613
'cayc','pneinf',1999,56,0.000259242
'cayc','pneinf',2000,32,0.000148139
'cdrp','pneinf',1987,42,0.000219091
'cdrp','pneinf',1988,53,0.000276472
'cdrp','pneinf',1989,49,0.000255606
'cdrp','pneinf',1990,50,0.000260823
'cdrp','pneinf',1991,59,0.000307771
'cdrp','pneinf',1992,55,0.000286905
'cdrp','pneinf',1993,65,0.00033907
'cdrp','pneinf',1994,59,0.000307771
'cdrp','pneinf',1995,60,0.000312987
'cdrp','pneinf',1996,41,0.000213875
'cdrp','pneinf',1997,54,0.000281689
'cdrp','pneinf',1998,55,0.000286905
'cdrp','pneinf',1999,65,0.00033907
'cdrp','pneinf',2000,55,0.000286905
'char','pneinf',1987,149,0.000214249
'char','pneinf',1988,188,0.000270327
'char','pneinf',1989,185,0.000266013
'char','pneinf',1990,185,0.000266013
'char','pneinf',1991,177,0.00025451
'char','pneinf',1992,161,0.000231503
'char','pneinf',1993,186,0.000267451
'char','pneinf',1994,177,0.00025451
'char','pneinf',1995,193,0.000277517
'char','pneinf',1996,236,0.000339347
'char','pneinf',1997,204,0.000293334
'char','pneinf',1998,271,0.000389674
'char','pneinf',1999,202,0.000290458
'char','pneinf',2000,187,0.000268889
'chic','pneinf',1987,1770,0.000329196
'chic','pneinf',1988,1937,0.000360255
'chic','pneinf',1989,2072,0.000385364
'chic','pneinf',1990,2018,0.00037532
'chic','pneinf',1991,1980,0.000368253
'chic','pneinf',1992,1802,0.000335147
'chic','pneinf',1993,2024,0.000376436
'chic','pneinf',1994,1835,0.000341285
'chic','pneinf',1995,1939,0.000360627
'chic','pneinf',1996,1921,0.00035728
'chic','pneinf',1997,1840,0.000342215
'chic','pneinf',1998,1935,0.000359883
'chic','pneinf',1999,1695,0.000315247
'chic','pneinf',2000,1504,0.000279723
'cinc','pneinf',1987,301,0.000354826
'cinc','pneinf',1988,334,0.000393727
'cinc','pneinf',1989,346,0.000407873
'cinc','pneinf',1990,335,0.000394906
'cinc','pneinf',1991,327,0.000385475
'cinc','pneinf',1992,314,0.000370151
'cinc','pneinf',1993,357,0.00042084
'cinc','pneinf',1994,362,0.000426734
'cinc','pneinf',1995,375,0.000442059
'cinc','pneinf',1996,340,0.0004008
'cinc','pneinf',1997,306,0.00036072
'cinc','pneinf',1998,351,0.000413767
'cinc','pneinf',1999,276,0.000325355
'cinc','pneinf',2000,245,0.000288812
'clev','pneinf',1987,412,0.000295557
'clev','pneinf',1988,448,0.000321382
'clev','pneinf',1989,399,0.000286231
'clev','pneinf',1990,397,0.000284796
'clev','pneinf',1991,399,0.000286231
'clev','pneinf',1992,380,0.000272601
'clev','pneinf',1993,444,0.000318513
'clev','pneinf',1994,434,0.000311339
'clev','pneinf',1995,460,0.000329991
'clev','pneinf',1996,436,0.000312774
'clev','pneinf',1997,435,0.000312057
'clev','pneinf',1998,431,0.000309187
'clev','pneinf',1999,343,0.000246058
'clev','pneinf',2000,359,0.000257536
'clmg','pneinf',1987,47,0.000252293
'clmg','pneinf',1988,44,0.00023619
'clmg','pneinf',1989,42,0.000225454
'clmg','pneinf',1990,42,0.000225454
'clmg','pneinf',1991,49,0.000263029
'clmg','pneinf',1992,31,0.000166406
'clmg','pneinf',1993,48,0.000257661
'clmg','pneinf',1994,48,0.000257661
'clmg','pneinf',1995,51,0.000273765
'clmg','pneinf',1996,66,0.000354284
'clmg','pneinf',1997,60,0.000322077
'clmg','pneinf',1998,77,0.000413332
'clmg','pneinf',1999,57,0.000305973
'clmg','pneinf',2000,57,0.000305973
'clmo','pneinf',1987,179,0.00016745
'clmo','pneinf',1988,207,0.000193643
'clmo','pneinf',1989,166,0.000155289
'clmo','pneinf',1990,199,0.000186159
'clmo','pneinf',1991,210,0.000196449
'clmo','pneinf',1992,215,0.000201127
'clmo','pneinf',1993,204,0.000190836
'clmo','pneinf',1994,215,0.000201127
'clmo','pneinf',1995,245,0.000229191
'clmo','pneinf',1996,193,0.000180546
'clmo','pneinf',1997,222,0.000207675
'clmo','pneinf',1998,268,0.000250707
'clmo','pneinf',1999,213,0.000199256
'clmo','pneinf',2000,208,0.000194578
'colo','pneinf',1987,101,0.000195385
'colo','pneinf',1988,123,0.000237944
'colo','pneinf',1989,104,0.000201188
'colo','pneinf',1990,109,0.000210861
'colo','pneinf',1991,112,0.000216664
'colo','pneinf',1992,114,0.000220533
'colo','pneinf',1993,102,0.000197319
'colo','pneinf',1994,113,0.000218599
'colo','pneinf',1995,125,0.000241813
'colo','pneinf',1996,118,0.000228271
'colo','pneinf',1997,127,0.000245682
'colo','pneinf',1998,122,0.000236009
'colo','pneinf',1999,95,0.000183778
'colo','pneinf',2000,87,0.000168302
'corp','pneinf',1987,33,0.000105214
'corp','pneinf',1988,53,0.000168981
'corp','pneinf',1989,56,0.000178546
'corp','pneinf',1990,75,0.000239124
'corp','pneinf',1991,40,0.000127533
'corp','pneinf',1992,53,0.000168981
'corp','pneinf',1993,52,0.000165793
'corp','pneinf',1994,58,0.000184922
'corp','pneinf',1995,55,0.000175357
'corp','pneinf',1996,67,0.000213617
'corp','pneinf',1997,96,0.000306079
'corp','pneinf',1998,84,0.000267819
'corp','pneinf',1999,74,0.000235936
'corp','pneinf',2000,78,0.000248689
'covt','pneinf',1987,23,0.00013765
'covt','pneinf',1988,30,0.000179544
'covt','pneinf',1989,24,0.000143635
'covt','pneinf',1990,32,0.000191514
'covt','pneinf',1991,32,0.000191514
'covt','pneinf',1992,38,0.000227422
'covt','pneinf',1993,36,0.000215453
'covt','pneinf',1994,41,0.000245377
'covt','pneinf',1995,36,0.000215453
'covt','pneinf',1996,37,0.000221438
'covt','pneinf',1997,49,0.000293255
'covt','pneinf',1998,57,0.000341134
'covt','pneinf',1999,49,0.000293255
'covt','pneinf',2000,62,0.000371058
'dayt','pneinf',1987,141,0.000252208
'dayt','pneinf',1988,122,0.000218223
'dayt','pneinf',1989,140,0.000250419
'dayt','pneinf',1990,137,0.000245053
'dayt','pneinf',1991,137,0.000245053
'dayt','pneinf',1992,160,0.000286194
'dayt','pneinf',1993,148,0.000264729
'dayt','pneinf',1994,141,0.000252208
'dayt','pneinf',1995,167,0.000298715
'dayt','pneinf',1996,175,0.000313024
'dayt','pneinf',1997,215,0.000384573
'dayt','pneinf',1998,192,0.000343432
'dayt','pneinf',1999,185,0.000330911
'dayt','pneinf',2000,148,0.000264729
'dc','pneinf',1987,232,0.000405553
'dc','pneinf',1988,281,0.000491208
'dc','pneinf',1989,252,0.000440514
'dc','pneinf',1990,211,0.000368843
'dc','pneinf',1991,198,0.000346118
'dc','pneinf',1992,231,0.000403805
'dc','pneinf',1993,208,0.000363599
'dc','pneinf',1994,193,0.000337378
'dc','pneinf',1995,224,0.000391568
'dc','pneinf',1996,192,0.00033563
'dc','pneinf',1997,191,0.000333882
'dc','pneinf',1998,182,0.000318149
'dc','pneinf',1999,121,0.000211517
'dc','pneinf',2000,109,0.00019054
'denv','pneinf',1987,335,0.000238187
'denv','pneinf',1988,363,0.000258095
'denv','pneinf',1989,297,0.000211168
'denv','pneinf',1990,340,0.000241742
'denv','pneinf',1991,323,0.000229655
'denv','pneinf',1992,332,0.000236054
'denv','pneinf',1993,363,0.000258095
'denv','pneinf',1994,326,0.000231788
'denv','pneinf',1995,337,0.000239609
'denv','pneinf',1996,347,0.000246719
'denv','pneinf',1997,305,0.000216857
'denv','pneinf',1998,370,0.000263072
'denv','pneinf',1999,314,0.000223256
'denv','pneinf',2000,236,0.000167797
'desm','pneinf',1987,114,0.000304324
'desm','pneinf',1988,105,0.000280298
'desm','pneinf',1989,96,0.000256273
'desm','pneinf',1990,98,0.000261612
'desm','pneinf',1991,103,0.000274959
'desm','pneinf',1992,112,0.000298985
'desm','pneinf',1993,135,0.000360383
'desm','pneinf',1994,113,0.000301654
'desm','pneinf',1995,101,0.00026962
'desm','pneinf',1996,136,0.000363053
'desm','pneinf',1997,141,0.0003764
'desm','pneinf',1998,161,0.000429791
'desm','pneinf',1999,150,0.000400426
'desm','pneinf',2000,148,0.000395087
'det','pneinf',1987,583,0.00028285
'det','pneinf',1988,656,0.000318267
'det','pneinf',1989,633,0.000307108
'det','pneinf',1990,680,0.000329911
'det','pneinf',1991,650,0.000315356
'det','pneinf',1992,657,0.000318752
'det','pneinf',1993,681,0.000330396
'det','pneinf',1994,663,0.000321663
'det','pneinf',1995,647,0.000313901
'det','pneinf',1996,673,0.000326515
'det','pneinf',1997,690,0.000334763
'det','pneinf',1998,682,0.000330881
'det','pneinf',1999,513,0.000248889
'det','pneinf',2000,500,0.000242582
'dlft','pneinf',1987,598,0.000142385
'dlft','pneinf',1988,623,0.000148338
'dlft','pneinf',1989,649,0.000154528
'dlft','pneinf',1990,687,0.000163576
'dlft','pneinf',1991,638,0.000151909
'dlft','pneinf',1992,611,0.000145481
'dlft','pneinf',1993,647,0.000154052
'dlft','pneinf',1994,684,0.000162862
'dlft','pneinf',1995,667,0.000158814
'dlft','pneinf',1996,671,0.000159767
'dlft','pneinf',1997,798,0.000190006
'dlft','pneinf',1998,796,0.00018953
'dlft','pneinf',1999,669,0.000159291
'dlft','pneinf',2000,734,0.000174767
'elpa','pneinf',1987,86,0.000126541
'elpa','pneinf',1988,88,0.000129484
'elpa','pneinf',1989,97,0.000142726
'elpa','pneinf',1990,86,0.000126541
'elpa','pneinf',1991,105,0.000154498
'elpa','pneinf',1992,96,0.000141255
'elpa','pneinf',1993,102,0.000150083
'elpa','pneinf',1994,109,0.000160383
'elpa','pneinf',1995,95,0.000139784
'elpa','pneinf',1996,119,0.000175097
'elpa','pneinf',1997,127,0.000186869
'elpa','pneinf',1998,116,0.000170683
'elpa','pneinf',1999,123,0.000180983
'elpa','pneinf',2000,97,0.000142726
'evan','pneinf',1987,39,0.000226847
'evan','pneinf',1988,57,0.000331546
'evan','pneinf',1989,66,0.000383895
'evan','pneinf',1990,82,0.00047696
'evan','pneinf',1991,74,0.000430428
'evan','pneinf',1992,77,0.000447878
'evan','pneinf',1993,77,0.000447878
'evan','pneinf',1994,66,0.000383895
'evan','pneinf',1995,72,0.000418795
'evan','pneinf',1996,70,0.000407161
'evan','pneinf',1997,56,0.000325729
'evan','pneinf',1998,53,0.000308279
'evan','pneinf',1999,56,0.000325729
'evan','pneinf',2000,53,0.000308279
'fres','pneinf',1987,152,0.000190141
'fres','pneinf',1988,148,0.000185137
'fres','pneinf',1989,196,0.000245182
'fres','pneinf',1990,180,0.000225167
'fres','pneinf',1991,196,0.000245182
'fres','pneinf',1992,212,0.000265197
'fres','pneinf',1993,195,0.000243931
'fres','pneinf',1994,223,0.000278957
'fres','pneinf',1995,197,0.000246433
'fres','pneinf',1996,243,0.000303975
'fres','pneinf',1997,267,0.000333998
'fres','pneinf',1998,318,0.000397795
'fres','pneinf',1999,68,8.51E-05
'fres','pneinf',2000,203,0.000253938
'ftwa','pneinf',1987,53,0.000159711
'ftwa','pneinf',1988,80,0.000241074
'ftwa','pneinf',1989,66,0.000198886
'ftwa','pneinf',1990,90,0.000271208
'ftwa','pneinf',1991,75,0.000226006
'ftwa','pneinf',1992,75,0.000226006
'ftwa','pneinf',1993,77,0.000232033
'ftwa','pneinf',1994,72,0.000216966
'ftwa','pneinf',1995,66,0.000198886
'ftwa','pneinf',1996,77,0.000232033
'ftwa','pneinf',1997,75,0.000226006
'ftwa','pneinf',1998,70,0.000210939
'ftwa','pneinf',1999,79,0.00023806
'ftwa','pneinf',2000,74,0.000222993
'gdrp','pneinf',1987,140,0.00024376
'gdrp','pneinf',1988,135,0.000235054
'gdrp','pneinf',1989,173,0.000301218
'gdrp','pneinf',1990,166,0.00028903
'gdrp','pneinf',1991,167,0.000290771
'gdrp','pneinf',1992,167,0.000290771
'gdrp','pneinf',1993,162,0.000282065
'gdrp','pneinf',1994,177,0.000308183
'gdrp','pneinf',1995,175,0.0003047
'gdrp','pneinf',1996,201,0.00034997
'gdrp','pneinf',1997,190,0.000330817
'gdrp','pneinf',1998,199,0.000346488
'gdrp','pneinf',1999,200,0.000348229
'gdrp','pneinf',2000,142,0.000247242
'grnb','pneinf',1987,88,0.000209002
'grnb','pneinf',1988,125,0.000296878
'grnb','pneinf',1989,92,0.000218502
'grnb','pneinf',1990,96,0.000228003
'grnb','pneinf',1991,93,0.000220877
'grnb','pneinf',1992,108,0.000256503
'grnb','pneinf',1993,123,0.000292128
'grnb','pneinf',1994,110,0.000261253
'grnb','pneinf',1995,119,0.000282628
'grnb','pneinf',1996,128,0.000304003
'grnb','pneinf',1997,129,0.000306378
'grnb','pneinf',1998,147,0.000349129
'grnb','pneinf',1999,125,0.000296878
'grnb','pneinf',2000,160,0.000380004
'hono','pneinf',1987,193,0.00022028
'hono','pneinf',1988,182,0.000207726
'hono','pneinf',1989,241,0.000275065
'hono','pneinf',1990,248,0.000283055
'hono','pneinf',1991,286,0.000326426
'hono','pneinf',1992,242,0.000276207
'hono','pneinf',1993,260,0.000296751
'hono','pneinf',1994,240,0.000273924
'hono','pneinf',1995,298,0.000340122
'hono','pneinf',1996,293,0.000334415
'hono','pneinf',1997,327,0.000373221
'hono','pneinf',1998,319,0.00036409
'hono','pneinf',1999,242,0.000276207
'hono','pneinf',2000,242,0.000276207
'hous','pneinf',1987,456,0.000134095
'hous','pneinf',1988,554,0.000162913
'hous','pneinf',1989,511,0.000150269
'hous','pneinf',1990,557,0.000163796
'hous','pneinf',1991,499,0.00014674
'hous','pneinf',1992,459,0.000134977
'hous','pneinf',1993,423,0.000124391
'hous','pneinf',1994,446,0.000131154
'hous','pneinf',1995,442,0.000129978
'hous','pneinf',1996,505,0.000148504
'hous','pneinf',1997,530,0.000155856
'hous','pneinf',1998,537,0.000157914
'hous','pneinf',1999,435,0.000127919
'hous','pneinf',2000,473,0.000139094
'hunt','pneinf',1987,25,9.04E-05
'hunt','pneinf',1988,32,0.000115649
'hunt','pneinf',1989,44,0.000159017
'hunt','pneinf',1990,39,0.000140947
'hunt','pneinf',1991,49,0.000177087
'hunt','pneinf',1992,44,0.000159017
'hunt','pneinf',1993,41,0.000148175
'hunt','pneinf',1994,34,0.000122877
'hunt','pneinf',1995,40,0.000144561
'hunt','pneinf',1996,44,0.000159017
'hunt','pneinf',1997,48,0.000173473
'hunt','pneinf',1998,51,0.000184315
'hunt','pneinf',1999,57,0.000205999
'hunt','pneinf',2000,46,0.000166245
'indi','pneinf',1987,224,0.000260328
'indi','pneinf',1988,208,0.000241733
'indi','pneinf',1989,209,0.000242895
'indi','pneinf',1990,257,0.00029868
'indi','pneinf',1991,262,0.00030449
'indi','pneinf',1992,267,0.000310301
'indi','pneinf',1993,298,0.000346329
'indi','pneinf',1994,286,0.000332383
'indi','pneinf',1995,307,0.000356788
'indi','pneinf',1996,285,0.00033122
'indi','pneinf',1997,308,0.000357951
'indi','pneinf',1998,306,0.000355626
'indi','pneinf',1999,229,0.000266139
'indi','pneinf',2000,204,0.000237084
'jcks','pneinf',1987,69,0.00027512
'jcks','pneinf',1988,60,0.000239234
'jcks','pneinf',1989,85,0.000338915
'jcks','pneinf',1990,77,0.000307018
'jcks','pneinf',1991,70,0.000279107
'jcks','pneinf',1992,76,0.00030303
'jcks','pneinf',1993,112,0.000446571
'jcks','pneinf',1994,95,0.000378788
'jcks','pneinf',1995,75,0.000299043
'jcks','pneinf',1996,82,0.000326954
'jcks','pneinf',1997,84,0.000334928
'jcks','pneinf',1998,99,0.000394737
'jcks','pneinf',1999,76,0.00030303
'jcks','pneinf',2000,61,0.000243222
'jckv','pneinf',1987,158,0.000202856
'jckv','pneinf',1988,151,0.000193868
'jckv','pneinf',1989,164,0.000210559
'jckv','pneinf',1990,172,0.00022083
'jckv','pneinf',1991,180,0.000231101
'jckv','pneinf',1992,156,0.000200288
'jckv','pneinf',1993,189,0.000242656
'jckv','pneinf',1994,208,0.00026705
'jckv','pneinf',1995,222,0.000285025
'jckv','pneinf',1996,215,0.000276038
'jckv','pneinf',1997,228,0.000292728
'jckv','pneinf',1998,247,0.000317122
'jckv','pneinf',1999,195,0.00025036
'jckv','pneinf',2000,214,0.000274754
'jers','pneinf',1987,156,0.000256168
'jers','pneinf',1988,183,0.000300505
'jers','pneinf',1989,123,0.000201979
'jers','pneinf',1990,145,0.000238105
'jers','pneinf',1991,119,0.00019541
'jers','pneinf',1992,114,0.0001872
'jers','pneinf',1993,147,0.000241389
'jers','pneinf',1994,130,0.000213473
'jers','pneinf',1995,133,0.0002184
'jers','pneinf',1996,164,0.000269305
'jers','pneinf',1997,136,0.000223326
'jers','pneinf',1998,136,0.000223326
'jers','pneinf',1999,103,0.000169137
'jers','pneinf',2000,130,0.000213473
'john','pneinf',1987,47,0.000307999
'john','pneinf',1988,43,0.000281786
'john','pneinf',1989,43,0.000281786
'john','pneinf',1990,29,0.000190042
'john','pneinf',1991,58,0.000380084
'john','pneinf',1992,72,0.000471828
'john','pneinf',1993,54,0.000353871
'john','pneinf',1994,57,0.00037353
'john','pneinf',1995,79,0.0005177
'john','pneinf',1996,71,0.000465275
'john','pneinf',1997,66,0.000432509
'john','pneinf',1998,70,0.000458722
'john','pneinf',1999,48,0.000314552
'john','pneinf',2000,48,0.000314552
'kan','pneinf',1987,250,0.000273922
'kan','pneinf',1988,256,0.000280497
'kan','pneinf',1989,275,0.000301315
'kan','pneinf',1990,299,0.000327611
'kan','pneinf',1991,289,0.000316654
'kan','pneinf',1992,292,0.000319941
'kan','pneinf',1993,320,0.000350621
'kan','pneinf',1994,347,0.000380204
'kan','pneinf',1995,385,0.000421841
'kan','pneinf',1996,353,0.000386779
'kan','pneinf',1997,338,0.000370343
'kan','pneinf',1998,345,0.000378013
'kan','pneinf',1999,271,0.000296932
'kan','pneinf',2000,272,0.000298028
'kans','pneinf',1987,44,0.000278689
'kans','pneinf',1988,41,0.000259688
'kans','pneinf',1989,43,0.000272355
'kans','pneinf',1990,49,0.000310358
'kans','pneinf',1991,42,0.000266021
'kans','pneinf',1992,40,0.000253354
'kans','pneinf',1993,60,0.000380031
'kans','pneinf',1994,56,0.000354695
'kans','pneinf',1995,33,0.000209017
'kans','pneinf',1996,38,0.000240686
'kans','pneinf',1997,37,0.000234352
'kans','pneinf',1998,33,0.000209017
'kans','pneinf',1999,40,0.000253354
'kans','pneinf',2000,39,0.00024702
'king','pneinf',1987,43,0.000241914
'king','pneinf',1988,37,0.000208159
'king','pneinf',1989,51,0.000286921
'king','pneinf',1990,31,0.000174403
'king','pneinf',1991,38,0.000213785
'king','pneinf',1992,33,0.000185655
'king','pneinf',1993,37,0.000208159
'king','pneinf',1994,39,0.000219411
'king','pneinf',1995,48,0.000270044
'king','pneinf',1996,47,0.000264418
'king','pneinf',1997,50,0.000281296
'king','pneinf',1998,50,0.000281296
'king','pneinf',1999,36,0.000202533
'king','pneinf',2000,47,0.000264418
'knox','pneinf',1987,70,0.000183231
'knox','pneinf',1988,110,0.000287934
'knox','pneinf',1989,79,0.000206789
'knox','pneinf',1990,83,0.000217259
'knox','pneinf',1991,94,0.000246053
'knox','pneinf',1992,89,0.000232965
'knox','pneinf',1993,108,0.000282699
'knox','pneinf',1994,102,0.000266993
'knox','pneinf',1995,107,0.000280081
'knox','pneinf',1996,114,0.000298404
'knox','pneinf',1997,112,0.000293169
'knox','pneinf',1998,148,0.000387402
'knox','pneinf',1999,115,0.000301022
'knox','pneinf',2000,116,0.000303639
'la','pneinf',1987,2399,0.000252013
'la','pneinf',1988,2721,0.000285839
'la','pneinf',1989,2995,0.000314623
'la','pneinf',1990,2676,0.000281112
'la','pneinf',1991,2617,0.000274914
'la','pneinf',1992,2746,0.000288465
'la','pneinf',1993,2813,0.000295504
'la','pneinf',1994,2748,0.000288676
'la','pneinf',1995,2800,0.000294138
'la','pneinf',1996,2850,0.000299391
'la','pneinf',1997,3192,0.000335317
'la','pneinf',1998,3452,0.00036263
'la','pneinf',1999,1373,0.000144233
'la','pneinf',2000,2377,0.000249702
'lafy','pneinf',1987,19,9.97E-05
'lafy','pneinf',1988,40,0.00020997
'lafy','pneinf',1989,21,0.000110234
'lafy','pneinf',1990,27,0.00014173
'lafy','pneinf',1991,30,0.000157478
'lafy','pneinf',1992,46,0.000241466
'lafy','pneinf',1993,47,0.000246715
'lafy','pneinf',1994,29,0.000152229
'lafy','pneinf',1995,30,0.000157478
'lafy','pneinf',1996,27,0.00014173
'lafy','pneinf',1997,36,0.000188973
'lafy','pneinf',1998,38,0.000199472
'lafy','pneinf',1999,44,0.000230967
'lafy','pneinf',2000,30,0.000157478
'lasv','pneinf',1987,104,7.56E-05
'lasv','pneinf',1988,137,9.96E-05
'lasv','pneinf',1989,162,0.000117753
'lasv','pneinf',1990,138,0.000100308
'lasv','pneinf',1991,138,0.000100308
'lasv','pneinf',1992,184,0.000133744
'lasv','pneinf',1993,208,0.000151189
'lasv','pneinf',1994,217,0.00015773
'lasv','pneinf',1995,239,0.000173722
'lasv','pneinf',1996,265,0.00019262
'lasv','pneinf',1997,289,0.000210065
'lasv','pneinf',1998,283,0.000205704
'lasv','pneinf',1999,274,0.000199162
'lasv','pneinf',2000,278,0.000202069
'lex','pneinf',1987,48,0.000184253
'lex','pneinf',1988,47,0.000180414
'lex','pneinf',1989,55,0.000211123
'lex','pneinf',1990,73,0.000280217
'lex','pneinf',1991,67,0.000257186
'lex','pneinf',1992,74,0.000284056
'lex','pneinf',1993,93,0.000356989
'lex','pneinf',1994,81,0.000310926
'lex','pneinf',1995,68,0.000261024
'lex','pneinf',1996,67,0.000257186
'lex','pneinf',1997,75,0.000287895
'lex','pneinf',1998,69,0.000264863
'lex','pneinf',1999,66,0.000253347
'lex','pneinf',2000,63,0.000241831
'linc','pneinf',1987,50,0.000199767
'linc','pneinf',1988,54,0.000215749
'linc','pneinf',1989,46,0.000183786
'linc','pneinf',1990,52,0.000207758
'linc','pneinf',1991,51,0.000203763
'linc','pneinf',1992,42,0.000167805
'linc','pneinf',1993,54,0.000215749
'linc','pneinf',1994,71,0.00028367
'linc','pneinf',1995,49,0.000195772
'linc','pneinf',1996,49,0.000195772
'linc','pneinf',1997,39,0.000155819
'linc','pneinf',1998,56,0.00022374
'linc','pneinf',1999,36,0.000143833
'linc','pneinf',2000,51,0.000203763
'lkch','pneinf',1987,37,0.00020155
'lkch','pneinf',1988,50,0.000272365
'lkch','pneinf',1989,26,0.00014163
'lkch','pneinf',1990,33,0.000179761
'lkch','pneinf',1991,42,0.000228787
'lkch','pneinf',1992,51,0.000277813
'lkch','pneinf',1993,42,0.000228787
'lkch','pneinf',1994,46,0.000250576
'lkch','pneinf',1995,32,0.000174314
'lkch','pneinf',1996,43,0.000234234
'lkch','pneinf',1997,54,0.000294154
'lkch','pneinf',1998,59,0.000321391
'lkch','pneinf',1999,57,0.000310496
'lkch','pneinf',2000,40,0.000217892
'loui','pneinf',1987,189,0.00027249
'loui','pneinf',1988,220,0.000317184
'loui','pneinf',1989,231,0.000333043
'loui','pneinf',1990,235,0.00033881
'loui','pneinf',1991,254,0.000366203
'loui','pneinf',1992,265,0.000382062
'loui','pneinf',1993,266,0.000383504
'loui','pneinf',1994,302,0.000435407
'loui','pneinf',1995,262,0.000377737
'loui','pneinf',1996,261,0.000376295
'loui','pneinf',1997,217,0.000312859
'loui','pneinf',1998,290,0.000418106
'loui','pneinf',1999,246,0.000354669
'loui','pneinf',2000,252,0.00036332
'ltrk','pneinf',1987,106,0.000293244
'ltrk','pneinf',1988,103,0.000284944
'ltrk','pneinf',1989,98,0.000271112
'ltrk','pneinf',1990,119,0.000329208
'ltrk','pneinf',1991,117,0.000323675
'ltrk','pneinf',1992,116,0.000320908
'ltrk','pneinf',1993,110,0.00030431
'ltrk','pneinf',1994,125,0.000345806
'ltrk','pneinf',1995,99,0.000273879
'ltrk','pneinf',1996,112,0.000309842
'ltrk','pneinf',1997,117,0.000323675
'ltrk','pneinf',1998,116,0.000320908
'ltrk','pneinf',1999,71,0.000196418
'ltrk','pneinf',2000,89,0.000246214
'lubb','pneinf',1987,34,0.000140132
'lubb','pneinf',1988,60,0.000247292
'lubb','pneinf',1989,53,0.000218441
'lubb','pneinf',1990,54,0.000222563
'lubb','pneinf',1991,48,0.000197834
'lubb','pneinf',1992,44,0.000181348
'lubb','pneinf',1993,64,0.000263778
'lubb','pneinf',1994,47,0.000193712
'lubb','pneinf',1995,34,0.000140132
'lubb','pneinf',1996,47,0.000193712
'lubb','pneinf',1997,74,0.000304994
'lubb','pneinf',1998,81,0.000333844
'lubb','pneinf',1999,60,0.000247292
'lubb','pneinf',2000,62,0.000255535
'madi','pneinf',1987,72,0.000168806
'madi','pneinf',1988,96,0.000225074
'madi','pneinf',1989,82,0.000192251
'madi','pneinf',1990,68,0.000159428
'madi','pneinf',1991,89,0.000208663
'madi','pneinf',1992,81,0.000189906
'madi','pneinf',1993,117,0.000274309
'madi','pneinf',1994,106,0.000248519
'madi','pneinf',1995,99,0.000232108
'madi','pneinf',1996,111,0.000260242
'madi','pneinf',1997,113,0.000264931
'madi','pneinf',1998,138,0.000323544
'madi','pneinf',1999,110,0.000257898
'madi','pneinf',2000,98,0.000229763
'memp','pneinf',1987,216,0.000240676
'memp','pneinf',1988,243,0.000270761
'memp','pneinf',1989,296,0.000329815
'memp','pneinf',1990,288,0.000320901
'memp','pneinf',1991,273,0.000304188
'memp','pneinf',1992,303,0.000337615
'memp','pneinf',1993,336,0.000374385
'memp','pneinf',1994,354,0.000394441
'memp','pneinf',1995,338,0.000376613
'memp','pneinf',1996,362,0.000403355
'memp','pneinf',1997,366,0.000407812
'memp','pneinf',1998,343,0.000382185
'memp','pneinf',1999,237,0.000264075
'memp','pneinf',2000,292,0.000325358
'miam','pneinf',1987,579,0.000256949
'miam','pneinf',1988,563,0.000249849
'miam','pneinf',1989,584,0.000259168
'miam','pneinf',1990,626,0.000277807
'miam','pneinf',1991,525,0.000232985
'miam','pneinf',1992,599,0.000265825
'miam','pneinf',1993,643,0.000285351
'miam','pneinf',1994,617,0.000273813
'miam','pneinf',1995,625,0.000277363
'miam','pneinf',1996,617,0.000273813
'miam','pneinf',1997,614,0.000272482
'miam','pneinf',1998,654,0.000290233
'miam','pneinf',1999,590,0.000261831
'miam','pneinf',2000,519,0.000230323
'milw','pneinf',1987,375,0.000398867
'milw','pneinf',1988,457,0.000486085
'milw','pneinf',1989,378,0.000402058
'milw','pneinf',1990,404,0.000429712
'milw','pneinf',1991,454,0.000482894
'milw','pneinf',1992,374,0.000397803
'milw','pneinf',1993,397,0.000422267
'milw','pneinf',1994,397,0.000422267
'milw','pneinf',1995,388,0.000412694
'milw','pneinf',1996,411,0.000437158
'milw','pneinf',1997,339,0.000360575
'milw','pneinf',1998,369,0.000392485
'milw','pneinf',1999,338,0.000359512
'milw','pneinf',2000,311,0.000330793
'minn','pneinf',1987,484,0.000297437
'minn','pneinf',1988,489,0.00030051
'minn','pneinf',1989,462,0.000283917
'minn','pneinf',1990,494,0.000303582
'minn','pneinf',1991,531,0.00032632
'minn','pneinf',1992,490,0.000301124
'minn','pneinf',1993,538,0.000330622
'minn','pneinf',1994,522,0.00032079
'minn','pneinf',1995,523,0.000321404
'minn','pneinf',1996,471,0.000289448
'minn','pneinf',1997,516,0.000317102
'minn','pneinf',1998,544,0.000334309
'minn','pneinf',1999,380,0.000233525
'minn','pneinf',2000,346,0.000212631
'mobi','pneinf',1987,58,0.000145057
'mobi','pneinf',1988,84,0.000210082
'mobi','pneinf',1989,75,0.000187574
'mobi','pneinf',1990,84,0.000210082
'mobi','pneinf',1991,94,0.000235092
'mobi','pneinf',1992,103,0.000257601
'mobi','pneinf',1993,90,0.000225088
'mobi','pneinf',1994,95,0.000237593
'mobi','pneinf',1995,93,0.000232591
'mobi','pneinf',1996,87,0.000217585
'mobi','pneinf',1997,93,0.000232591
'mobi','pneinf',1998,109,0.000272607
'mobi','pneinf',1999,116,0.000290114
'mobi','pneinf',2000,134,0.000335132
'mode','pneinf',1987,149,0.000333336
'mode','pneinf',1988,183,0.000409399
'mode','pneinf',1989,231,0.000516782
'mode','pneinf',1990,238,0.000532442
'mode','pneinf',1991,204,0.000456379
'mode','pneinf',1992,209,0.000467565
'mode','pneinf',1993,190,0.000425059
'mode','pneinf',1994,251,0.000561525
'mode','pneinf',1995,226,0.000505596
'mode','pneinf',1996,216,0.000483225
'mode','pneinf',1997,227,0.000507833
'mode','pneinf',1998,257,0.000574948
'mode','pneinf',1999,68,0.000152126
'mode','pneinf',2000,140,0.000313201
'musk','pneinf',1987,41,0.000240893
'musk','pneinf',1988,35,0.00020564
'musk','pneinf',1989,47,0.000276146
'musk','pneinf',1990,44,0.000258519
'musk','pneinf',1991,39,0.000229142
'musk','pneinf',1992,41,0.000240893
'musk','pneinf',1993,44,0.000258519
'musk','pneinf',1994,41,0.000240893
'musk','pneinf',1995,57,0.0003349
'musk','pneinf',1996,57,0.0003349
'musk','pneinf',1997,56,0.000329025
'musk','pneinf',1998,58,0.000340776
'musk','pneinf',1999,60,0.000352526
'musk','pneinf',2000,46,0.00027027
'nash','pneinf',1987,161,0.00028251
'nash','pneinf',1988,187,0.000328133
'nash','pneinf',1989,170,0.000298303
'nash','pneinf',1990,198,0.000347435
'nash','pneinf',1991,200,0.000350944
'nash','pneinf',1992,217,0.000380775
'nash','pneinf',1993,196,0.000343925
'nash','pneinf',1994,235,0.00041236
'nash','pneinf',1995,220,0.000386039
'nash','pneinf',1996,209,0.000366737
'nash','pneinf',1997,242,0.000424643
'nash','pneinf',1998,244,0.000428152
'nash','pneinf',1999,167,0.000293038
'nash','pneinf',2000,141,0.000247416
'new','pneinf',1987,44,0.000244241
'new','pneinf',1988,37,0.000205384
'new','pneinf',1989,28,0.000155426
'new','pneinf',1990,37,0.000205384
'new','pneinf',1991,37,0.000205384
'new','pneinf',1992,31,0.000172079
'new','pneinf',1993,36,0.000199833
'new','pneinf',1994,38,0.000210935
'new','pneinf',1995,25,0.000138773
'new','pneinf',1996,29,0.000160977
'new','pneinf',1997,28,0.000155426
'new','pneinf',1998,44,0.000244241
'new','pneinf',1999,21,0.00011657
'new','pneinf',2000,21,0.00011657
'no','pneinf',1987,86,0.000177439
'no','pneinf',1988,110,0.000226957
'no','pneinf',1989,108,0.00022283
'no','pneinf',1990,107,0.000220767
'no','pneinf',1991,107,0.000220767
'no','pneinf',1992,117,0.000241399
'no','pneinf',1993,100,0.000206324
'no','pneinf',1994,102,0.000210451
'no','pneinf',1995,97,0.000200135
'no','pneinf',1996,95,0.000196008
'no','pneinf',1997,85,0.000175376
'no','pneinf',1998,81,0.000167123
'no','pneinf',1999,88,0.000181565
'no','pneinf',2000,85,0.000175376
'nor','pneinf',1987,57,0.000243171
'nor','pneinf',1988,76,0.000324228
'nor','pneinf',1989,60,0.000255969
'nor','pneinf',1990,51,0.000217574
'nor','pneinf',1991,53,0.000226106
'nor','pneinf',1992,55,0.000234639
'nor','pneinf',1993,68,0.000290099
'nor','pneinf',1994,44,0.000187711
'nor','pneinf',1995,73,0.000311429
'nor','pneinf',1996,73,0.000311429
'nor','pneinf',1997,55,0.000234639
'nor','pneinf',1998,65,0.0002773
'nor','pneinf',1999,65,0.0002773
'nor','pneinf',2000,48,0.000204776
'nwk','pneinf',1987,256,0.000322567
'nwk','pneinf',1988,289,0.000364148
'nwk','pneinf',1989,258,0.000325087
'nwk','pneinf',1990,280,0.000352808
'nwk','pneinf',1991,230,0.000289806
'nwk','pneinf',1992,236,0.000297367
'nwk','pneinf',1993,214,0.000269646
'nwk','pneinf',1994,219,0.000275946
'nwk','pneinf',1995,232,0.000292327
'nwk','pneinf',1996,244,0.000307447
'nwk','pneinf',1997,213,0.000268386
'nwk','pneinf',1998,219,0.000275946
'nwk','pneinf',1999,172,0.000216725
'nwk','pneinf',2000,177,0.000223025
'ny','pneinf',1987,3607,0.000403841
'ny','pneinf',1988,3930,0.000440004
'ny','pneinf',1989,3868,0.000433062
'ny','pneinf',1990,4016,0.000449633
'ny','pneinf',1991,3411,0.000381897
'ny','pneinf',1992,2849,0.000318975
'ny','pneinf',1993,3132,0.00035066
'ny','pneinf',1994,2737,0.000306435
'ny','pneinf',1995,2844,0.000318415
'ny','pneinf',1996,2899,0.000324573
'ny','pneinf',1997,2815,0.000315168
'ny','pneinf',1998,2924,0.000327372
'ny','pneinf',1999,2797,0.000313153
'ny','pneinf',2000,2721,0.000304644
'oakl','pneinf',1987,348,0.00024104
'oakl','pneinf',1988,347,0.000240348
'oakl','pneinf',1989,408,0.000282599
'oakl','pneinf',1990,380,0.000263205
'oakl','pneinf',1991,393,0.000272209
'oakl','pneinf',1992,376,0.000260435
'oakl','pneinf',1993,456,0.000315846
'oakl','pneinf',1994,408,0.000282599
'oakl','pneinf',1995,429,0.000297145
'oakl','pneinf',1996,442,0.000306149
'oakl','pneinf',1997,529,0.000366409
'oakl','pneinf',1998,537,0.00037195
'oakl','pneinf',1999,167,0.000115672
'oakl','pneinf',2000,359,0.00024866
'okla','pneinf',1987,167,0.000252859
'okla','pneinf',1988,167,0.000252859
'okla','pneinf',1989,191,0.000289198
'okla','pneinf',1990,229,0.000346734
'okla','pneinf',1991,204,0.000308881
'okla','pneinf',1992,229,0.000346734
'okla','pneinf',1993,236,0.000357333
'okla','pneinf',1994,255,0.000386102
'okla','pneinf',1995,214,0.000324022
'okla','pneinf',1996,212,0.000320994
'okla','pneinf',1997,246,0.000372474
'okla','pneinf',1998,274,0.00041487
'okla','pneinf',1999,221,0.000334621
'okla','pneinf',2000,154,0.000233175
'olym','pneinf',1987,30,0.000144679
'olym','pneinf',1988,41,0.000197729
'olym','pneinf',1989,31,0.000149502
'olym','pneinf',1990,30,0.000144679
'olym','pneinf',1991,45,0.000217019
'olym','pneinf',1992,61,0.000294181
'olym','pneinf',1993,42,0.000202551
'olym','pneinf',1994,38,0.000183261
'olym','pneinf',1995,44,0.000212196
'olym','pneinf',1996,37,0.000178438
'olym','pneinf',1997,48,0.000231487
'olym','pneinf',1998,48,0.000231487
'olym','pneinf',1999,22,0.000106098
'olym','pneinf',2000,38,0.000183261
'oma','pneinf',1987,137,0.000295523
'oma','pneinf',1988,165,0.000355922
'oma','pneinf',1989,149,0.000321408
'oma','pneinf',1990,136,0.000293366
'oma','pneinf',1991,147,0.000317094
'oma','pneinf',1992,121,0.000261009
'oma','pneinf',1993,143,0.000308466
'oma','pneinf',1994,125,0.000269638
'oma','pneinf',1995,134,0.000289052
'oma','pneinf',1996,129,0.000278266
'oma','pneinf',1997,145,0.00031278
'oma','pneinf',1998,163,0.000351608
'oma','pneinf',1999,119,0.000256695
'oma','pneinf',2000,116,0.000250224
'orla','pneinf',1987,103,0.000114911
'orla','pneinf',1988,135,0.000150612
'orla','pneinf',1989,123,0.000137224
'orla','pneinf',1990,122,0.000136108
'orla','pneinf',1991,146,0.000162884
'orla','pneinf',1992,135,0.000150612
'orla','pneinf',1993,144,0.000160653
'orla','pneinf',1994,158,0.000176272
'orla','pneinf',1995,154,0.000171809
'orla','pneinf',1996,176,0.000196353
'orla','pneinf',1997,156,0.00017404
'orla','pneinf',1998,198,0.000220897
'orla','pneinf',1999,169,0.000188544
'orla','pneinf',2000,165,0.000184081
'phil','pneinf',1987,584,0.000384831
'phil','pneinf',1988,603,0.000397351
'phil','pneinf',1989,650,0.000428322
'phil','pneinf',1990,609,0.000401305
'phil','pneinf',1991,515,0.000339363
'phil','pneinf',1992,536,0.000353201
'phil','pneinf',1993,608,0.000400646
'phil','pneinf',1994,543,0.000357814
'phil','pneinf',1995,560,0.000369016
'phil','pneinf',1996,532,0.000350565
'phil','pneinf',1997,565,0.000372311
'phil','pneinf',1998,604,0.00039801
'phil','pneinf',1999,479,0.00031564
'phil','pneinf',2000,501,0.000330137
'phoe','pneinf',1987,539,0.000175447
'phoe','pneinf',1988,631,0.000205394
'phoe','pneinf',1989,668,0.000217437
'phoe','pneinf',1990,745,0.000242501
'phoe','pneinf',1991,710,0.000231109
'phoe','pneinf',1992,655,0.000213206
'phoe','pneinf',1993,741,0.000241199
'phoe','pneinf',1994,738,0.000240223
'phoe','pneinf',1995,695,0.000226226
'phoe','pneinf',1996,744,0.000242176
'phoe','pneinf',1997,751,0.000244454
'phoe','pneinf',1998,842,0.000274075
'phoe','pneinf',1999,763,0.00024836
'phoe','pneinf',2000,824,0.000268216
'pitt','pneinf',1987,438,0.000341743
'pitt','pneinf',1988,486,0.000379194
'pitt','pneinf',1989,475,0.000370611
'pitt','pneinf',1990,539,0.000420546
'pitt','pneinf',1991,547,0.000426788
'pitt','pneinf',1992,532,0.000415085
'pitt','pneinf',1993,601,0.000468921
'pitt','pneinf',1994,623,0.000486086
'pitt','pneinf',1995,577,0.000450195
'pitt','pneinf',1996,668,0.000521197
'pitt','pneinf',1997,638,0.00049779
'pitt','pneinf',1998,619,0.000482965
'pitt','pneinf',1999,516,0.000402601
'pitt','pneinf',2000,483,0.000376853
'port','pneinf',1987,270,0.000270304
'port','pneinf',1988,312,0.000312351
'port','pneinf',1989,320,0.00032036
'port','pneinf',1990,353,0.000353397
'port','pneinf',1991,272,0.000272306
'port','pneinf',1992,272,0.000272306
'port','pneinf',1993,353,0.000353397
'port','pneinf',1994,307,0.000307345
'port','pneinf',1995,340,0.000340382
'port','pneinf',1996,309,0.000309347
'port','pneinf',1997,286,0.000286322
'port','pneinf',1998,340,0.000340382
'port','pneinf',1999,250,0.000250281
'port','pneinf',2000,235,0.000235264
'prov','pneinf',1987,207,0.000333011
'prov','pneinf',1988,186,0.000299227
'prov','pneinf',1989,185,0.000297618
'prov','pneinf',1990,194,0.000312097
'prov','pneinf',1991,227,0.000365185
'prov','pneinf',1992,201,0.000323358
'prov','pneinf',1993,207,0.000333011
'prov','pneinf',1994,182,0.000292792
'prov','pneinf',1995,199,0.000320141
'prov','pneinf',1996,224,0.000360359
'prov','pneinf',1997,196,0.000315314
'prov','pneinf',1998,224,0.000360359
'prov','pneinf',1999,207,0.000333011
'prov','pneinf',2000,230,0.000370012
'ral','pneinf',1987,269,0.000428449
'ral','pneinf',1988,281,0.000447562
'ral','pneinf',1989,228,0.000363146
'ral','pneinf',1990,255,0.000406151
'ral','pneinf',1991,214,0.000340848
'ral','pneinf',1992,237,0.000377481
'ral','pneinf',1993,252,0.000401372
'ral','pneinf',1994,227,0.000361554
'ral','pneinf',1995,241,0.000383852
'ral','pneinf',1996,202,0.000321735
'ral','pneinf',1997,234,0.000372703
'ral','pneinf',1998,254,0.000404558
'ral','pneinf',1999,188,0.000299436
'ral','pneinf',2000,215,0.000342441
'rich','pneinf',1987,63,0.00031852
'rich','pneinf',1988,81,0.000409525
'rich','pneinf',1989,79,0.000399414
'rich','pneinf',1990,72,0.000364022
'rich','pneinf',1991,57,0.000288184
'rich','pneinf',1992,53,0.000267961
'rich','pneinf',1993,70,0.000353911
'rich','pneinf',1994,45,0.000227514
'rich','pneinf',1995,56,0.000283129
'rich','pneinf',1996,70,0.000353911
'rich','pneinf',1997,68,0.000343799
'rich','pneinf',1998,60,0.000303352
'rich','pneinf',1999,68,0.000343799
'rich','pneinf',2000,43,0.000217402
'rive','pneinf',1987,310,0.000200597
'rive','pneinf',1988,386,0.000249776
'rive','pneinf',1989,471,0.000304778
'rive','pneinf',1990,417,0.000269835
'rive','pneinf',1991,340,0.00022001
'rive','pneinf',1992,344,0.000222598
'rive','pneinf',1993,403,0.000260776
'rive','pneinf',1994,330,0.000213539
'rive','pneinf',1995,402,0.000260129
'rive','pneinf',1996,374,0.000242011
'rive','pneinf',1997,429,0.0002776
'rive','pneinf',1998,470,0.000304131
'rive','pneinf',1999,154,9.97E-05
'rive','pneinf',2000,316,0.00020448
'roch','pneinf',1987,285,0.000387574
'roch','pneinf',1988,290,0.000394374
'roch','pneinf',1989,322,0.000437891
'roch','pneinf',1990,306,0.000416132
'roch','pneinf',1991,339,0.000461009
'roch','pneinf',1992,287,0.000390294
'roch','pneinf',1993,371,0.000504526
'roch','pneinf',1994,316,0.000429731
'roch','pneinf',1995,337,0.00045829
'roch','pneinf',1996,322,0.000437891
'roch','pneinf',1997,343,0.000466449
'roch','pneinf',1998,374,0.000508606
'roch','pneinf',1999,345,0.000469169
'roch','pneinf',2000,281,0.000382135
'sacr','pneinf',1987,228,0.000186351
'sacr','pneinf',1988,278,0.000227217
'sacr','pneinf',1989,305,0.000249285
'sacr','pneinf',1990,312,0.000255006
'sacr','pneinf',1991,322,0.00026318
'sacr','pneinf',1992,371,0.000303229
'sacr','pneinf',1993,367,0.000299959
'sacr','pneinf',1994,465,0.000380058
'sacr','pneinf',1995,592,0.000483858
'sacr','pneinf',1996,563,0.000460156
'sacr','pneinf',1997,611,0.000499387
'sacr','pneinf',1998,678,0.000554148
'sacr','pneinf',1999,220,0.000179812
'sacr','pneinf',2000,369,0.000301594
'salt','pneinf',1987,134,0.000149156
'salt','pneinf',1988,162,0.000180323
'salt','pneinf',1989,142,0.000158061
'salt','pneinf',1990,125,0.000139138
'salt','pneinf',1991,152,0.000169192
'salt','pneinf',1992,167,0.000185889
'salt','pneinf',1993,222,0.00024711
'salt','pneinf',1994,197,0.000219282
'salt','pneinf',1995,216,0.000240431
'salt','pneinf',1996,197,0.000219282
'salt','pneinf',1997,241,0.000268259
'salt','pneinf',1998,204,0.000227074
'salt','pneinf',1999,185,0.000205925
'salt','pneinf',2000,196,0.000218169
'sana','pneinf',1987,304,0.000218245
'sana','pneinf',1988,338,0.000242654
'sana','pneinf',1989,339,0.000243372
'sana','pneinf',1990,353,0.000253422
'sana','pneinf',1991,332,0.000238346
'sana','pneinf',1992,341,0.000244808
'sana','pneinf',1993,302,0.000216809
'sana','pneinf',1994,311,0.00022327
'sana','pneinf',1995,297,0.000213219
'sana','pneinf',1996,278,0.000199579
'sana','pneinf',1997,330,0.000236911
'sana','pneinf',1998,322,0.000231167
'sana','pneinf',1999,290,0.000208194
'sana','pneinf',2000,290,0.000208194
'sanb','pneinf',1987,373,0.000218201
'sanb','pneinf',1988,413,0.0002416
'sanb','pneinf',1989,446,0.000260905
'sanb','pneinf',1990,350,0.000204746
'sanb','pneinf',1991,347,0.000202991
'sanb','pneinf',1992,325,0.000190121
'sanb','pneinf',1993,378,0.000221126
'sanb','pneinf',1994,363,0.000212351
'sanb','pneinf',1995,335,0.000195971
'sanb','pneinf',1996,366,0.000214106
'sanb','pneinf',1997,437,0.00025564
'sanb','pneinf',1998,474,0.000277285
'sanb','pneinf',1999,128,7.49E-05
'sanb','pneinf',2000,311,0.000181932
'sand','pneinf',1987,573,0.000203637
'sand','pneinf',1988,720,0.000255879
'sand','pneinf',1989,786,0.000279334
'sand','pneinf',1990,728,0.000258722
'sand','pneinf',1991,734,0.000260854
'sand','pneinf',1992,835,0.000296748
'sand','pneinf',1993,870,0.000309187
'sand','pneinf',1994,846,0.000300658
'sand','pneinf',1995,797,0.000283244
'sand','pneinf',1996,1003,0.000356453
'sand','pneinf',1997,1055,0.000374933
'sand','pneinf',1998,1128,0.000400877
'sand','pneinf',1999,399,0.000141799
'sand','pneinf',2000,851,0.000302434
'sanf','pneinf',1987,277,0.000356622
'sanf','pneinf',1988,288,0.000370784
'sanf','pneinf',1989,339,0.000436443
'sanf','pneinf',1990,309,0.00039782
'sanf','pneinf',1991,319,0.000410695
'sanf','pneinf',1992,291,0.000374646
'sanf','pneinf',1993,318,0.000409407
'sanf','pneinf',1994,313,0.00040297
'sanf','pneinf',1995,357,0.000459617
'sanf','pneinf',1996,343,0.000441593
'sanf','pneinf',1997,389,0.000500816
'sanf','pneinf',1998,423,0.000544589
'sanf','pneinf',1999,135,0.000173805
'sanf','pneinf',2000,246,0.000316711
'sanj','pneinf',1987,279,0.000165816
'sanj','pneinf',1988,314,0.000186618
'sanj','pneinf',1989,350,0.000208013
'sanj','pneinf',1990,328,0.000194938
'sanj','pneinf',1991,401,0.000238324
'sanj','pneinf',1992,426,0.000253182
'sanj','pneinf',1993,487,0.000289436
'sanj','pneinf',1994,488,0.00029003
'sanj','pneinf',1995,472,0.000280521
'sanj','pneinf',1996,564,0.000335199
'sanj','pneinf',1997,596,0.000354217
'sanj','pneinf',1998,563,0.000334604
'sanj','pneinf',1999,198,0.000117676
'sanj','pneinf',2000,374,0.000222277
'seat','pneinf',1987,381,0.000219339
'seat','pneinf',1988,402,0.000231429
'seat','pneinf',1989,463,0.000266546
'seat','pneinf',1990,437,0.000251578
'seat','pneinf',1991,408,0.000234883
'seat','pneinf',1992,431,0.000248124
'seat','pneinf',1993,508,0.000292453
'seat','pneinf',1994,501,0.000288423
'seat','pneinf',1995,484,0.000278636
'seat','pneinf',1996,513,0.000295331
'seat','pneinf',1997,556,0.000320086
'seat','pneinf',1998,592,0.000340811
'seat','pneinf',1999,476,0.00027403
'seat','pneinf',2000,448,0.000257911
'shr','pneinf',1987,88,0.000251091
'shr','pneinf',1988,113,0.000322423
'shr','pneinf',1989,108,0.000308157
'shr','pneinf',1990,99,0.000282477
'shr','pneinf',1991,84,0.000239677
'shr','pneinf',1992,97,0.00027677
'shr','pneinf',1993,95,0.000271064
'shr','pneinf',1994,152,0.000433702
'shr','pneinf',1995,132,0.000376636
'shr','pneinf',1996,153,0.000436555
'shr','pneinf',1997,112,0.00031957
'shr','pneinf',1998,106,0.00030245
'shr','pneinf',1999,99,0.000282477
'shr','pneinf',2000,100,0.00028533
'spok','pneinf',1987,109,0.000260804
'spok','pneinf',1988,146,0.000349333
'spok','pneinf',1989,116,0.000277552
'spok','pneinf',1990,119,0.000284731
'spok','pneinf',1991,153,0.000366082
'spok','pneinf',1992,122,0.000291909
'spok','pneinf',1993,168,0.000401973
'spok','pneinf',1994,145,0.000346941
'spok','pneinf',1995,160,0.000382831
'spok','pneinf',1996,176,0.000421114
'spok','pneinf',1997,194,0.000464183
'spok','pneinf',1998,185,0.000442648
'spok','pneinf',1999,131,0.000313443
'spok','pneinf',2000,92,0.000220128
'staa','pneinf',1987,582,0.000204477
'staa','pneinf',1988,613,0.000215368
'staa','pneinf',1989,711,0.000249799
'staa','pneinf',1990,665,0.000233638
'staa','pneinf',1991,649,0.000228016
'staa','pneinf',1992,636,0.000223449
'staa','pneinf',1993,728,0.000255772
'staa','pneinf',1994,606,0.000212909
'staa','pneinf',1995,592,0.00020799
'staa','pneinf',1996,709,0.000249096
'staa','pneinf',1997,833,0.000292662
'staa','pneinf',1998,943,0.000331309
'staa','pneinf',1999,359,0.000126129
'staa','pneinf',2000,615,0.000216071
'stlo','pneinf',1987,170,0.000488241
'stlo','pneinf',1988,148,0.000425057
'stlo','pneinf',1989,149,0.000427929
'stlo','pneinf',1990,172,0.000493985
'stlo','pneinf',1991,145,0.00041644
'stlo','pneinf',1992,161,0.000462393
'stlo','pneinf',1993,186,0.000534193
'stlo','pneinf',1994,169,0.000485369
'stlo','pneinf',1995,168,0.000482497
'stlo','pneinf',1996,168,0.000482497
'stlo','pneinf',1997,146,0.000419312
'stlo','pneinf',1998,135,0.00038772
'stlo','pneinf',1999,128,0.000367616
'stlo','pneinf',2000,107,0.000307304
'stoc','pneinf',1987,107,0.000189852
'stoc','pneinf',1988,162,0.000287439
'stoc','pneinf',1989,133,0.000235984
'stoc','pneinf',1990,161,0.000285665
'stoc','pneinf',1991,164,0.000290988
'stoc','pneinf',1992,156,0.000276793
'stoc','pneinf',1993,152,0.000269696
'stoc','pneinf',1994,152,0.000269696
'stoc','pneinf',1995,154,0.000273244
'stoc','pneinf',1996,180,0.000319377
'stoc','pneinf',1997,203,0.000360186
'stoc','pneinf',1998,211,0.00037438
'stoc','pneinf',1999,76,0.000134848
'stoc','pneinf',2000,139,0.00024663
'stpe','pneinf',1987,328,0.000355948
'stpe','pneinf',1988,350,0.000379823
'stpe','pneinf',1989,321,0.000348352
'stpe','pneinf',1990,338,0.0003668
'stpe','pneinf',1991,368,0.000399357
'stpe','pneinf',1992,368,0.000399357
'stpe','pneinf',1993,387,0.000419976
'stpe','pneinf',1994,433,0.000469895
'stpe','pneinf',1995,397,0.000430828
'stpe','pneinf',1996,354,0.000384164
'stpe','pneinf',1997,386,0.00041889
'stpe','pneinf',1998,336,0.00036463
'stpe','pneinf',1999,305,0.000330989
'stpe','pneinf',2000,348,0.000377653
'syra','pneinf',1987,149,0.000327951
'syra','pneinf',1988,172,0.000378574
'syra','pneinf',1989,154,0.000338956
'syra','pneinf',1990,178,0.000391781
'syra','pneinf',1991,187,0.00041159
'syra','pneinf',1992,149,0.000327951
'syra','pneinf',1993,152,0.000334554
'syra','pneinf',1994,202,0.000444605
'syra','pneinf',1995,203,0.000446806
'syra','pneinf',1996,215,0.000473218
'syra','pneinf',1997,237,0.00052164
'syra','pneinf',1998,264,0.000581068
'syra','pneinf',1999,143,0.000314745
'syra','pneinf',2000,151,0.000332353
'taco','pneinf',1987,81,0.000115579
'taco','pneinf',1988,120,0.000171228
'taco','pneinf',1989,129,0.00018407
'taco','pneinf',1990,155,0.000221169
'taco','pneinf',1991,99,0.000141263
'taco','pneinf',1992,109,0.000155532
'taco','pneinf',1993,154,0.000219743
'taco','pneinf',1994,124,0.000176936
'taco','pneinf',1995,134,0.000191205
'taco','pneinf',1996,144,0.000205474
'taco','pneinf',1997,142,0.00020262
'taco','pneinf',1998,146,0.000208327
'taco','pneinf',1999,136,0.000194058
'taco','pneinf',2000,110,0.000156959
'tamp','pneinf',1987,254,0.000254267
'tamp','pneinf',1988,239,0.000239252
'tamp','pneinf',1989,236,0.000236249
'tamp','pneinf',1990,238,0.000238251
'tamp','pneinf',1991,227,0.000227239
'tamp','pneinf',1992,214,0.000214225
'tamp','pneinf',1993,188,0.000188198
'tamp','pneinf',1994,186,0.000186196
'tamp','pneinf',1995,180,0.00018019
'tamp','pneinf',1996,204,0.000204215
'tamp','pneinf',1997,187,0.000187197
'tamp','pneinf',1998,185,0.000185195
'tamp','pneinf',1999,153,0.000153161
'tamp','pneinf',2000,164,0.000164173
'tole','pneinf',1987,124,0.000272495
'tole','pneinf',1988,148,0.000325236
'tole','pneinf',1989,117,0.000257112
'tole','pneinf',1990,126,0.00027689
'tole','pneinf',1991,96,0.000210964
'tole','pneinf',1992,119,0.000261507
'tole','pneinf',1993,128,0.000281285
'tole','pneinf',1994,126,0.00027689
'tole','pneinf',1995,141,0.000309853
'tole','pneinf',1996,155,0.000340619
'tole','pneinf',1997,150,0.000329631
'tole','pneinf',1998,142,0.000312051
'tole','pneinf',1999,107,0.000235137
'tole','pneinf',2000,111,0.000243927
'tope','pneinf',1987,53,0.000312001
'tope','pneinf',1988,77,0.000453285
'tope','pneinf',1989,73,0.000429738
'tope','pneinf',1990,50,0.000294341
'tope','pneinf',1991,72,0.000423851
'tope','pneinf',1992,45,0.000264907
'tope','pneinf',1993,74,0.000435625
'tope','pneinf',1994,85,0.00050038
'tope','pneinf',1995,72,0.000423851
'tope','pneinf',1996,93,0.000547474
'tope','pneinf',1997,76,0.000447398
'tope','pneinf',1998,92,0.000541587
'tope','pneinf',1999,61,0.000359096
'tope','pneinf',2000,59,0.000347322
'tucs','pneinf',1987,195,0.000231112
'tucs','pneinf',1988,203,0.000240594
'tucs','pneinf',1989,224,0.000265483
'tucs','pneinf',1990,215,0.000254816
'tucs','pneinf',1991,247,0.000292742
'tucs','pneinf',1992,239,0.000283261
'tucs','pneinf',1993,244,0.000289187
'tucs','pneinf',1994,259,0.000306964
'tucs','pneinf',1995,247,0.000292742
'tucs','pneinf',1996,349,0.000413632
'tucs','pneinf',1997,301,0.000356742
'tucs','pneinf',1998,338,0.000400594
'tucs','pneinf',1999,331,0.000392298
'tucs','pneinf',2000,260,0.00030815
'tuls','pneinf',1987,130,0.000230783
'tuls','pneinf',1988,129,0.000229008
'tuls','pneinf',1989,182,0.000323097
'tuls','pneinf',1990,153,0.000271614
'tuls','pneinf',1991,167,0.000296468
'tuls','pneinf',1992,155,0.000275165
'tuls','pneinf',1993,188,0.000333748
'tuls','pneinf',1994,164,0.000291142
'tuls','pneinf',1995,186,0.000330198
'tuls','pneinf',1996,176,0.000312445
'tuls','pneinf',1997,132,0.000234334
'tuls','pneinf',1998,158,0.00028049
'tuls','pneinf',1999,128,0.000227233
'tuls','pneinf',2000,108,0.000191728
'wich','pneinf',1987,85,0.000187692
'wich','pneinf',1988,92,0.000203149
'wich','pneinf',1989,109,0.000240688
'wich','pneinf',1990,103,0.000227439
'wich','pneinf',1991,109,0.000240688
'wich','pneinf',1992,110,0.000242896
'wich','pneinf',1993,113,0.00024952
'wich','pneinf',1994,100,0.000220814
'wich','pneinf',1995,120,0.000264977
'wich','pneinf',1996,139,0.000306932
'wich','pneinf',1997,144,0.000317973
'wich','pneinf',1998,117,0.000258353
'wich','pneinf',1999,86,0.0001899
'wich','pneinf',2000,98,0.000216398
'wor','pneinf',1987,282,0.000375518
'wor','pneinf',1988,327,0.000435441
'wor','pneinf',1989,264,0.000351549
'wor','pneinf',1990,305,0.000406145
'wor','pneinf',1991,318,0.000423456
'wor','pneinf',1992,304,0.000404814
'wor','pneinf',1993,381,0.000507349
'wor','pneinf',1994,398,0.000529986
'wor','pneinf',1995,376,0.00050069
'wor','pneinf',1996,412,0.000548629
'wor','pneinf',1997,384,0.000511343
'wor','pneinf',1998,417,0.000555287
'wor','pneinf',1999,288,0.000383508
'wor','pneinf',2000,305,0.000406145
